カード名,アイドル名,属性,副属性,特化,センター効果,スキル,スキル名,秒数,確率,Vo,Da,Vi,メモリアルガシャ,ドミナント,画像パス
[フューチャー・スペース],島村卯月,Cu,,ボーカル,キュートアイドルの全アピール値30％アップ、キュート楽曲なら55％アップ,アンサンブル,無限の可能性,4,高,6240,4726,4955,5th,,images/アンサンブル/[フューチャー・スペース]島村卯月.jpg
[アストラル・スカイ],渋谷凛,Co,,ビジュアル,クールアイドルの全アピール値30％アップ、クール楽曲なら55％アップ,アンサンブル,変わり続ける景色,4,高,4694,4974,6253,5th,,images/アンサンブル/[アストラル・スカイ]渋谷凛.jpg
[パワー・オブ・ノヴァ],本田未央,Pa,,ダンス,パッションアイドルの全アピール値30％アップ、パッション楽曲なら55％アップ,アンサンブル,銀河をこの手に,4,高,4974,6249,4698,5th,,images/アンサンブル/[パワー・オブ・ノヴァ]本田未央.jpg
[千年の誓約],黒埼ちとせ,Cu,,ボーカル,キュートアイドルの全アピール値30％アップ、キュート楽曲なら55％アップ,アンサンブル,白銀の円環,6,中,7210,3817,4637,5th,,images/アンサンブル/[千年の誓約]黒埼ちとせ.jpg
[忘失のローズルージュ],関裕美,Cu,,ダンス,キュートアイドルの全アピール値30％アップ、キュート楽曲なら55％アップ,アンサンブル,触れ得ぬ想い,6,中,4638,7228,3798,6th,,images/アンサンブル/[忘失のローズルージュ]関裕美.jpg
[クレセント・ウサミン],安部菜々,Cu,,ビジュアル,キュートアイドルの全アピール値30％アップ、キュート楽曲なら55％アップ,アンサンブル,三十八万の旅路,6,中,4647,3796,7221,,,images/アンサンブル/[クレセント・ウサミン]安部菜々.jpg
[マーレ・コンフィーネ],八神マキノ,Co,,ボーカル,クールアイドルの全アピール値30％アップ、クール楽曲なら55％アップ,アンサンブル,触れる肌の熱,6,中,7227,4648,3788,,,images/アンサンブル/[マーレ・コンフィーネ]八神マキノ.jpg
[セレブレイト・カレイド],速水奏,Co,,ダンス,クールアイドルの全アピール値30％アップ、クール楽曲なら55％アップ,アンサンブル,一夜の饗宴,6,中,4640,7231,3793,5th,,images/アンサンブル/[セレブレイト・カレイド]速水奏.jpg
[たそがれ抒情],佐城雪美,Co,,ビジュアル,クールアイドルの全アピール値30％アップ、クール楽曲なら55％アップ,アンサンブル,色づく言の葉,6,中,3787,4648,7229,,,images/アンサンブル/[たそがれ抒情]佐城雪美.jpg
[ハロウィンラブ★ナース],城ヶ崎美嘉,Pa,,ボーカル,パッションアイドルの全アピール値30％アップ、パッション楽曲なら55％アップ,アンサンブル,ドキドキ★ナースコール,6,中,7224,3792,4647,,,images/アンサンブル/[ハロウィンラブ★ナース]城ヶ崎美嘉.jpg
[ウィーバー☆フィーバー],城ヶ崎莉嘉,Pa,,ダンス,パッションアイドルの全アピール値30％アップ、パッション楽曲なら55％アップ,アンサンブル,ワンナイト・ディスタンス,6,中,4639,7225,3803,6th,,images/アンサンブル/[ウィーバー☆フィーバー]城ヶ崎莉嘉.jpg
[はるべと咲くや],依田芳乃,Pa,,ビジュアル,パッションアイドルの全アピール値30％アップ、パッション楽曲なら55％アップ,アンサンブル,いとめでたけれ、よしの桜,6,中,4640,3808,7216,5th,,images/アンサンブル/[はるべと咲くや]依田芳乃.jpg
[夏色☆サニーデイ],乙倉悠貴,Cu,,ボーカル,キュートアイドルの全アピール値30％アップ、キュート楽曲なら55％アップ,アンサンブル,ユウキの景色,7,高,7182,3837,4655,4th,,images/アンサンブル/[夏色☆サニーデイ]乙倉悠貴.jpg
[パペッターズ★オデッセイ],早坂美玲,Cu,,ビジュアル,キュートアイドルの全アピール値30％アップ、キュート楽曲なら55％アップ,アンサンブル,セイクリッド★クロー,7,高,3809,4633,7222,,,images/アンサンブル/[パペッターズ★オデッセイ]早坂美玲.jpg
[星逢う夜に],鷹富士茄子,Co,,ボーカル,クールアイドルの全アピール値30％アップ、クール楽曲なら55％アップ,アンサンブル,清らかなる願い,7,高,7182,4655,3837,4th,,images/アンサンブル/[星逢う夜に]鷹富士茄子.jpg
[軌跡のギフト],日野茜,Pa,,ビジュアル,パッションアイドルの全アピール値30％アップ、パッション楽曲なら55％アップ,アンサンブル,祝いの声に包まれて,7,高,4644,3816,7207,4th,,images/アンサンブル/[軌跡のギフト]日野茜.jpg
[ルガール・エスティヴァル],宮本フレデリカ,Cu,,ボーカル,キュートアイドルの全アピール値30％アップ、キュート楽曲なら55％アップ,アンサンブル,せーのでセパルティ♪,9,高,7212,4640,3812,6th,,images/アンサンブル/[ルガール・エスティヴァル]宮本フレデリカ.jpg
[スウィートハートロマンス],五十嵐響子,Cu,,ダンス,キュートアイドルの全アピール値30％アップ、キュート楽曲なら55％アップ,アンサンブル,込められたキモチ,9,高,4647,7218,3804,5th,,images/アンサンブル/[スウィートハートロマンス]五十嵐響子.jpg
[グレイスフル・テイスト],中野有香,Cu,,ビジュアル,キュートアイドルの全アピール値30％アップ、キュート楽曲なら55％アップ,アンサンブル,まごころの型,9,高,4651,3791,7223,6th,,images/アンサンブル/[グレイスフル・テイスト]中野有香.jpg
[新春旅情],アナスタシア,Co,,ボーカル,クールアイドルの全アピール値30％アップ、クール楽曲なら55％アップ,アンサンブル,レトロモダン・スタイル,9,高,7202,4639,3828,6th,,images/アンサンブル/[新春旅情]アナスタシア.jpg
[スタートアップ・ミライ],久川颯,Co,,ダンス,クールアイドルの全アピール値30％アップ、クール楽曲なら55％アップ,アンサンブル,満天のキラメキ,9,高,3811,7227,4626,6th,,images/アンサンブル/[スタートアップ・ミライ]久川颯.jpg
[魔性の夜会],神谷奈緒,Co,,ビジュアル,クールアイドルの全アピール値30％アップ、クール楽曲なら55％アップ,アンサンブル,メルティトリック,9,高,4644,3816,7207,5th,,images/アンサンブル/[魔性の夜会]神谷奈緒.jpg
[ホーリーホリデー],堀裕子,Pa,,ボーカル,パッションアイドルの全アピール値30％アップ、パッション楽曲なら55％アップ,アンサンブル,メリクリ☆ミラクル,9,高,7212,4627,3825,6th,,images/アンサンブル/[ホーリーホリデー]堀裕子.jpg
[キノコがいっぱい],星輝子,Pa,,ダンス,パッションアイドルの全アピール値30％アップ、パッション楽曲なら55％アップ,アンサンブル,キズナの菌糸,9,高,4644,7207,3816,5th,,images/アンサンブル/[キノコがいっぱい]星輝子.jpg
[清き紅姫],村上巴,Pa,,ビジュアル,パッションアイドルの全アピール値30％アップ、パッション楽曲なら55％アップ,アンサンブル,緋愛の情念,9,高,4630,3805,7228,,,images/アンサンブル/[清き紅姫]村上巴.jpg
[爽春ノスタルジア],櫻井桃華,Cu,,ボーカル,キュートアイドルの全アピール値30％アップ、キュート楽曲なら55％アップ,アンサンブル,風ひらり花ふわり,11,高,7208,3814,4643,6th,,images/アンサンブル/[爽春ノスタルジア]櫻井桃華.jpg
[深紅に包まれて],佐久間まゆ,Cu,,ダンス,キュートアイドルの全アピール値30％アップ、キュート楽曲なら55％アップ,アンサンブル,愛にすべてを,11,高,4647,7224,3794,,,images/アンサンブル/[深紅に包まれて]佐久間まゆ.jpg
[ハッピーにゃーイヤー],前川みく,Cu,,ビジュアル,キュートアイドルの全アピール値30％アップ、キュート楽曲なら55％アップ,アンサンブル,お年玉ねこパンチ,11,高,3830,4631,7206,5th,,images/アンサンブル/[ハッピーにゃーイヤー]前川みく.jpg
[プレシャス・ホーリーナイト],多田李衣菜,Co,,ボーカル,クールアイドルの全アピール値30％アップ、クール楽曲なら55％アップ,アンサンブル,雪を溶かす歌,11,高,7223,4633,3810,,,images/アンサンブル/[プレシャス・ホーリーナイト]多田李衣菜.jpg
[ビギニング・スカイ],橘ありす,Co,,ダンス,クールアイドルの全アピール値30％アップ、クール楽曲なら55％アップ,アンサンブル,未知を知る瞳,11,高,4656,7198,3813,5th,,images/アンサンブル/[ビギニング・スカイ]橘ありす.jpg
[びいどろの彩夏],藤原肇,Co,,ビジュアル,クールアイドルの全アピール値30％アップ、クール楽曲なら55％アップ,アンサンブル,火照る歌声,11,高,4628,3804,7232,6th,,images/アンサンブル/[びいどろの彩夏]藤原肇.jpg
[ラグジュアリィ・はぁと],佐藤心,Pa,,ボーカル,パッションアイドルの全アピール値30％アップ、パッション楽曲なら55％アップ,アンサンブル,お返し待ってるぞ☆,11,高,7210,3829,4629,5th,,images/アンサンブル/[ラグジュアリィ・はぁと]佐藤心.jpg
[あいの誓い],高森藍子,Pa,,ダンス,パッションアイドルの全アピール値30％アップ、パッション楽曲なら55％アップ,アンサンブル,肩をよせ合って,11,高,3814,7226,4625,,,images/アンサンブル/[あいの誓い]高森藍子.jpg
[なぎ・はーととりっぷ],久川凪,Pa,,ビジュアル,パッションアイドルの全アピール値30％アップ、パッション楽曲なら55％アップ,アンサンブル,今日のお空も凪もよう,11,高,3813,4628,7224,6th,,images/アンサンブル/[なぎ・はーととりっぷ]久川凪.jpg
[あんずの福袋],双葉杏,Cu,,ボーカル,キュートアイドルの全アピール値30％アップ、キュート楽曲なら55％アップ,アンサンブル,あけましてお年玉♪,13,高,7222,3807,4638,,,images/アンサンブル/[あんずの福袋]双葉杏.jpg
[さざ波の花嫁],水本ゆかり,Cu,,ダンス,キュートアイドルの全アピール値30％アップ、キュート楽曲なら55％アップ,アンサンブル,婚礼の合奏,13,高,4642,7226,3796,6th,,images/アンサンブル/[さざ波の花嫁]水本ゆかり.jpg
[うさぎさんわーるど],緒方智絵里,Cu,,ビジュアル,キュートアイドルの全アピール値30％アップ、キュート楽曲なら55％アップ,アンサンブル,ふんわり夢心地,13,高,4626,3817,7220,6th,,images/アンサンブル/[うさぎさんわーるど]緒方智絵里.jpg
[白き御使い],塩見周子,Co,,ボーカル,クールアイドルの全アピール値30％アップ、クール楽曲なら55％アップ,アンサンブル,異界からの呼び声,13,高,7210,4634,3818,6th,,images/アンサンブル/[白き御使い]塩見周子.jpg
[草創期のバラッド],神崎蘭子,Co,,ダンス,クールアイドルの全アピール値30％アップ、クール楽曲なら55％アップ,アンサンブル,陽春の言葉,13,高,3811,7219,4637,,,images/アンサンブル/[草創期のバラッド]神崎蘭子.jpg
[教室の白百合],三船美優,Co,,ビジュアル,クールアイドルの全アピール値30％アップ、クール楽曲なら55％アップ,アンサンブル,懐かしき春風,13,高,4641,3796,7227,6th,,images/アンサンブル/[教室の白百合]三船美優.jpg
[言祝ぐ燦華],高垣楓,Co,,ボーカル,クールアイドルの全アピール値30％アップ、クール楽曲なら55％アップ,アンサンブル,夢と笑顔と盃を交わして,13,高,6253,4699,4969,,,images/アンサンブル/[言祝ぐ燦華]高垣楓.jpg
[夢見りあむが見た夢],夢見りあむ,Pa,,ボーカル,パッションアイドルの全アピール値30％アップ、パッション楽曲なら55％アップ,アンサンブル,なんだ、夢か,13,高,7214,4637,3813,6th,,images/アンサンブル/[夢見りあむが見た夢]夢見りあむ.jpg
[スロウ・サマー・ヘヴン],十時愛梨,Pa,,ダンス,パッションアイドルの全アピール値30％アップ、パッション楽曲なら55％アップ,アンサンブル,降りそそぐキラメキ,13,高,3792,7229,4643,5th,,images/アンサンブル/[スロウ・サマー・ヘヴン]十時愛梨.jpg
[緋色のラブ・ソング],木村夏樹,Pa,,ビジュアル,パッションアイドルの全アピール値30％アップ、パッション楽曲なら55％アップ,アンサンブル,素顔のソウル,13,高,3806,4634,7225,,,images/アンサンブル/[緋色のラブ・ソング]木村夏樹.jpg
[よくばりサニーバカンス],アナスタシア,Co,,ボーカル,クールアイドルのボーカルアピール値90％アップ,オーバードライブ,たくさんのたのしい !,4,高,7228,4640,3796,,,images/オーバードライブ/[よくばりサニーバカンス]アナスタシア.jpg
[暁のシュヴァリエ],高垣楓,Co,,ダンス,クールアイドルのダンスアピール値90%アップ,オーバードライブ,高潔な眼差し,4,高,4630,7230,3804,,,images/オーバードライブ/[暁のシュヴァリエ]高垣楓.jpg
[海と空とほたるの約束],白菊ほたる,Cu,,ボーカル,キュートアイドルのボーカルアピール値90％アップ,オーバードライブ,輝くこと、叶えること,4,高,7231,3804,4629,,,images/オーバードライブ/[海と空とほたるの約束]白菊ほたる.jpg
[巡る朝、夏の夢],白雪千夜,Cu,,ビジュアル,キュートアイドルのビジュアルアピール値90%アップ,オーバードライブ,斜陽の花笑み,4,高,3801,4633,7230,,,images/オーバードライブ/[巡る朝、夏の夢]白雪千夜.jpg
[あなただけのスイートスター],本田未央,Pa,,ビジュアル,パッションアイドルのビジュアルアピール値90％アップ,オーバードライブ,スキを見せて,4,高,4628,3808,7228,,,images/オーバードライブ/[あなただけのスイートスター]本田未央.jpg
[縁結日和],依田芳乃,Pa,,ボーカル,パッションアイドルのボーカルアピール値90%アップ,オーバードライブ,いつか思ふ人へ,4,高,7230,3804,4630,,,images/オーバードライブ/[縁結日和]依田芳乃.jpg
[スターライト・ハーモニー],星街すいせい,Co,,ビジュアル,クールアイドルのビジュアルアピール値90％アップ,オーバードライブ,星と夢の魔法,6,高,3795,4643,7226,,,images/オーバードライブ/[スターライト・ハーモニー]星街すいせい.jpg
[ラブ・フォー・ユー],北条加蓮,Co,,ビジュアル,クールアイドルのビジュアルアピール値90％アップ,オーバードライブ,ドラマティック・モーメント,6,高,4633,3805,7226,,,images/オーバードライブ/[ラブ・フォー・ユー]北条加蓮.jpg
[颯蒼のセレニティ],久川颯,Co,,ボーカル,クールアイドルのボーカルアピール値90％アップ,オーバードライブ,新世界に吹く風,6,高,7277,3808,4629,,,images/オーバードライブ/[颯蒼のセレニティ]久川颯.jpg
[エヴリ・ラヴィン・ユー],五十嵐響子,Cu,,ダンス,キュートアイドルのダンスアピール値90％アップ,オーバードライブ,もう、あとちょっとだけ…♪,6,高,4629,7227,3808,,,images/オーバードライブ/[エヴリ・ラヴィン・ユー]五十嵐響子.jpg
[デビル・リトル・レディ],櫻井桃華,Cu,,ボーカル,キュートアイドルのボーカルアピール値90％アップ,オーバードライブ,デモンローズの誘惑,6,高,7226,4634,3804,,,images/オーバードライブ/[デビル・リトル・レディ]櫻井桃華.jpg
[夢見りあむはやるしかない],夢見りあむ,Pa,,ダンス,パッションアイドルのダンスアピール値90％アップ,オーバードライブ,うるせー ! しらねー ! GG !,6,高,3804,7226,4634,,,images/オーバードライブ/[夢見りあむはやるしかない]夢見りあむ.jpg
[ゆららに待つ宵],二宮飛鳥,Co,,ダンス,クールアイドルのダンスアピール値90％アップ,オーバードライブ,願わくばキミと,7,高,3803,7227,4634,,,images/オーバードライブ/[ゆららに待つ宵]二宮飛鳥.jpg
[夜想に泳ぐ華],鷺沢文香,Co,,ビジュアル,クールアイドルのビジュアルアピール値90％アップ,オーバードライブ,甘やかな羽化,7,高,3792,4640,7232,,,images/オーバードライブ/[夜想に泳ぐ華]鷺沢文香.jpg
[みやびにごほうし],小早川紗枝,Cu,,ビジュアル,キュートアイドルのビジュアルアピール値90％アップ,オーバードライブ,無理はあきまへん,7,高,4633,3804,7277,,,images/オーバードライブ/[みやびにごほうし]小早川紗枝.jpg
[ようこそぜいたくパーティー],双葉杏,Cu,,ボーカル,キュートアイドルのボーカルアピール値90％アップ,オーバードライブ,プレゼントだらけ,7,高,7225,4640,3799,,,images/オーバードライブ/[ようこそぜいたくパーティー]双葉杏.jpg
[マイディア・マイハピネス],緒方智絵里,Cu,,ダンス,キュートアイドルのダンスアピール値90％アップ,オーバードライブ,愛のスイートギフト,7,高,4632,7229,3804,,,images/オーバードライブ/[マイディア・マイハピネス]緒方智絵里.jpg
[グロリアス☆フィーバー！],大槻唯,Pa,,ボーカル,パッションアイドルのボーカルアピール値90%アップ,オーバードライブ,ツヤめきオーダー,7,高,7227,3803,4634,,,images/オーバードライブ/[グロリアス☆フィーバー！]大槻唯.jpg
[ずっとずうっと],ライラ,Co,,ダンス,クールアイドルのダンスアピール値90％アップ,オーバードライブ,ミイライラさんの素敵な呪い,9,高,4628,7231,3805,,,images/オーバードライブ/[ずっとずうっと]ライラ.jpg
[隠し味はロマンティック],森久保乃々,Co,,ボーカル,クールアイドルのボーカルアピール値90％アップ,オーバードライブ,もりくぼのとっておき,9,高,7221,4640,3805,,,images/オーバードライブ/[隠し味はロマンティック]森久保乃々.jpg
[ホットスイート・ミッション],三村かな子,Cu,,ボーカル,キュートアイドルのボーカルアピール値90％アップ,オーバードライブ,とろけるくらい温めて,9,高,7228,3796,4640,,,images/オーバードライブ/[ホットスイート・ミッション]三村かな子.jpg
[艶猫娘々],前川みく,Cu,,ダンス,キュートアイドルのダンスアピール値90%アップ,オーバードライブ,愛しいひと噛み,9,高,3805,7221,4640,,,images/オーバードライブ/[艶猫娘々]前川みく.jpg
[超最強☆サイキッカー],堀裕子,Pa,,ダンス,パッションアイドルのダンスアピール値90％アップ,オーバードライブ,きょーれつサイキックバトル,9,高,4639,7222,3805,,,images/オーバードライブ/[超最強☆サイキッカー]堀裕子.jpg
[夢色開花前線],高森藍子,Pa,,ビジュアル,パッションアイドルのビジュアルアピール値90%アップ,オーバードライブ,春風の学び舎から,9,高,4639,3806,7221,,,images/オーバードライブ/[夢色開花前線]高森藍子.jpg
[うたかたマーメイド],鷹富士茄子,Co,,ダンス,クールアイドルのダンスアピール値90%アップ,オーバーロード,潮騒メロウタイム,4,高,4640,7226,3799,5th,,images/オーバーロード/[うたかたマーメイド]鷹富士茄子.jpg
[グリム・ノノ],森久保乃々,Co,,ビジュアル,クールアイドルのビジュアルアピール値90％アップ,オーバーロード,見つけた、私の…,4,高,4637,3798,7229,,,images/オーバーロード/[グリム・ノノ]森久保乃々.jpg
[此岸の逢瀬],黒埼ちとせ,Cu,,ビジュアル,キュートアイドルのビジュアルアピール値90%アップ,オーバーロード,八千代の願い,4,高,3790,4645,7229,6th,,images/オーバーロード/[此岸の逢瀬]黒埼ちとせ.jpg
[深紅の心化粧],小早川紗枝,Cu,,ボーカル,キュートアイドルのボーカルアピール値90%アップ,オーバーロード,錦秋のいろどり,4,高,7211,3831,4622,6th,,images/オーバーロード/[深紅の心化粧]小早川紗枝.jpg
[フラワリング・ウェディング],相葉夕美,Pa,,ボーカル,パッションアイドルのボーカルアピール値90%アップ,オーバーロード,同じ花壇で,4,高,7215,3819,4627,6th,,images/オーバーロード/[フラワリング・ウェディング]相葉夕美.jpg
[メモリアル★ビーチサイド],城ヶ崎美嘉,Pa,,ビジュアル,パッションアイドルのビジュアルアピール値90%アップ,オーバーロード,パラダイスモーメント,4,高,3798,4645,7221,5th,,images/オーバーロード/[メモリアル★ビーチサイド]城ヶ崎美嘉.jpg
[唯唯相愛],大槻唯,Pa,,ダンス,パッションアイドルのダンスアピール値90％アップ,オーバーロード,夢中になって好きになれ,4,高,3801,7231,4632,,,images/オーバーロード/[唯唯相愛]大槻唯.jpg
[ふたりだけの夏空],神谷奈緒,Co,,ビジュアル,クールアイドルのビジュアルアピール値90%アップ,オーバーロード,舞い上がる心地,6,高,4640,3793,7231,,,images/オーバーロード/[ふたりだけの夏空]神谷奈緒.jpg
[ヨモスガラ・パーティー],白坂小梅,Co,,ダンス,クールアイドルのダンスアピール値90%アップ,オーバーロード,イッショニアソボウ,6,高,4665,7163,3853,2th,,images/オーバーロード/[ヨモスガラ・パーティー]白坂小梅.jpg
[放課後ロックスター],多田李衣菜,Co,,ビジュアル,クールアイドルの全アピール値40%アップ,オーバーロード,明日へ向かう心,6,高,4720,4972,6236,3th,,images/オーバーロード/[放課後ロックスター]多田李衣菜.jpg
[メリー・メリー・ホワイト],緒方智絵里,Cu,,ダンス,キュートアイドルの全アピール値40%アップ,オーバーロード,贈りあうしあわせ,6,高,4972,6236,4720,3th,,images/オーバーロード/[メリー・メリー・ホワイト]緒方智絵里.jpg
[リュミエール・エトワール],宮本フレデリカ,Cu,,ボーカル,キュートアイドルのボーカルアピール値90%アップ,オーバーロード,おめかしアリア,6,高,7123,3838,4646,2th,,images/オーバーロード/[リュミエール・エトワール]宮本フレデリカ.jpg
[想いのアンサンブル],水本ゆかり,Cu,,ダンス,キュートアイドルのダンスアピール値90%アップ,オーバーロード,震える胸のメロディ,6,高,3801,7221,4644,5th,,images/オーバーロード/[想いのアンサンブル]水本ゆかり.jpg
[ことほぎの祈り],依田芳乃,Pa,,ダンス,パッションアイドルのダンスアピール値90%アップ,オーバーロード,春を呼ぶ舞,6,高,3846,7171,4663,2th,,images/オーバーロード/[ことほぎの祈り]依田芳乃.jpg
[ふわり、こころ凪ぐくらし],久川凪,Pa,,ビジュアル,パッションアイドルのビジュアルアピール値90％アップ,オーバーロード,よってらっしゃい凪んちへ,6,高,4638,3794,7232,,,images/オーバーロード/[ふわり、こころ凪ぐくらし]久川凪.jpg
[終わらぬ夜のハニー・マギア],十時愛梨,Pa,,ダンス,パッションアイドルの全アピール値40%アップ,オーバーロード,甘く心を満たすもの,6,高,4688,6261,4973,,,images/オーバーロード/[終わらぬ夜のハニー・マギア]十時愛梨.jpg
[キャッチマイスイート],橘ありす,Co,,ダンス,クールアイドルのダンスアピール値90％アップ,オーバーロード,甘酸っぱいときめき,7,高,4642,7224,3798,,,images/オーバーロード/[キャッチマイスイート]橘ありす.jpg
[サンセットヴィーナス],三船美優,Co,,ビジュアル,クールアイドルの全アピール値40%アップ,オーバーロード,癒しの潮騒,7,高,4707,4966,6248,4th,,images/オーバーロード/[サンセットヴィーナス]三船美優.jpg
[パレス・オブ・ファンタジア],二宮飛鳥,Co,,ビジュアル,クールアイドルのビジュアルアピール値90%アップ,オーバーロード,エスコートフォーユー,7,高,4706,3918,7081,2th,,images/オーバーロード/[パレス・オブ・ファンタジア]二宮飛鳥.jpg
[秋風恋歌],久川颯,Co,,ボーカル,クールアイドルのボーカルアピール値90%アップ,オーバーロード,ハートフル・ロマンス,7,高,7227,4641,3796,,,images/オーバーロード/[秋風恋歌]久川颯.jpg
[いたずらキャット大集合♪],椎名法子,Cu,,ボーカル,キュートアイドルの全アピール値40%アップ,オーバーロード,変身 ! ドーニャツ,7,高,6248,4707,4966,5th,,images/オーバーロード/[いたずらキャット大集合♪]椎名法子.jpg
[えにしの結び手],道明寺歌鈴,Cu,,ビジュアル,キュートアイドルのビジュアルアピール値90%アップ,オーバーロード,染まる頬,7,高,4694,3897,7106,2th,,images/オーバーロード/[えにしの結び手]道明寺歌鈴.jpg
[藤色乙女草紙],乙倉悠貴,Cu,,ボーカル,キュートアイドルのボーカルアピール値90％アップ,オーバーロード,風まとう振袖,7,高,7225,3793,4646,,,images/オーバーロード/[藤色乙女草紙]乙倉悠貴.jpg
[きらりん☆ホリデー],諸星きらり,Pa,,ビジュアル,パッションアイドルのビジュアルアピール値90%アップ,オーバーロード,はぴはぴ・うぃずゆー☆,7,高,4641,3798,7225,,,images/オーバーロード/[きらりん☆ホリデー]諸星きらり.jpg
[サークル☆オブ☆フレンズ],城ヶ崎莉嘉,Pa,,ボーカル,パッションアイドルのボーカルアピール値90%アップ,オーバーロード,モリアゲ☆コール,7,高,7126,4683,3883,2th,,images/オーバーロード/[サークル☆オブ☆フレンズ]城ヶ崎莉嘉.jpg
[トリック☆ジョーカー],堀裕子,Pa,,ダンス,パッションアイドルの全アピール値40%アップ,オーバーロード,サイキック・神出鬼没,7,高,4972,6236,4720,3th,,images/オーバーロード/[トリック☆ジョーカー]堀裕子.jpg
[フリータイム☆クリスマス],喜多見柚,Pa,,ダンス,パッションアイドルのダンスアピール値90%アップ,オーバーロード,スノーボール・スマッシュ,7,高,3819,7212,4638,5th,,images/オーバーロード/[フリータイム☆クリスマス]喜多見柚.jpg
[ワンマン・アイドルタイム],桐生つかさ,Co,,ビジュアル,クールアイドルのビジュアルアピール値90%アップ,オーバーロード,休息と急速,9,高,3807,4638,7221,5th,,images/オーバーロード/[ワンマン・アイドルタイム]桐生つかさ.jpg
[夏色の南風],新田美波,Co,,ボーカル,クールアイドルのボーカルアピール値90%アップ,オーバーロード,心さらう波音,9,高,7051,3849,4642,1th,,images/オーバーロード/[夏色の南風]新田美波.jpg
[インビテーション・ダイブ],一ノ瀬志希,Cu,,ダンス,キュートアイドルのダンスアピール値90%アップ,オーバーロード,アンノウンフレーバー,9,高,4642,7051,3849,1th,,images/オーバーロード/[インビテーション・ダイブ]一ノ瀬志希.jpg
[ひとり、時は過ぎて],白雪千夜,Cu,,ビジュアル,キュートアイドルのビジュアルアピール値90%アップ,オーバーロード,届かぬ憧憬,9,高,3789,4646,7229,5th,,images/オーバーロード/[ひとり、時は過ぎて]白雪千夜.jpg
[ぱーりぃー★ひゃっはー],星輝子,Pa,,ビジュアル,パッションアイドルのビジュアルアピール値90%アップ,オーバーロード,キノコ煮マイルド味,9,高,4654,3854,7104,2th,,images/オーバーロード/[ぱーりぃー★ひゃっはー]星輝子.jpg
[ぴかぴかのさくらぐみ♪],市原仁奈,Pa,,ダンス,パッションアイドルの全アピール値40%アップ,オーバーロード,げんきにごあいさつ,9,高,4720,6236,4972,4th,,images/オーバーロード/[ぴかぴかのさくらぐみ♪]市原仁奈.jpg
[エターナル・マイラブ],川島瑞樹,Co,,ボーカル,クールアイドルのみ編成時、全員の全アピール値50％アップ,オルタネイト,純白の想い,6,中,7124,4687,3881,5th,,images/オルタネイト/[エターナル・マイラブ]川島瑞樹.jpg
[チャーミング・スウィート],二宮飛鳥,Co,,ダンス,クールアイドルのみ編成時、全員の全アピール値50％アップ,オルタネイト,魅惑のフレーバー,6,中,3885,7124,4681,6th,,images/オルタネイト/[チャーミング・スウィート]二宮飛鳥.jpg
[フローリア・フロイライン],神谷奈緒,Co,,ビジュアル,クールアイドルのみ編成時、全員の全アピール値50％アップ,オルタネイト,乙女の芽吹き,6,中,3852,4664,7176,,,images/オルタネイト/[フローリア・フロイライン]神谷奈緒.jpg
[吟風爽日],藤原肇,Co,,ビジュアル,クールアイドルのみ編成時、全員の全アピール値50％アップ,オルタネイト,甘い涼しさ,6,中,4679,3888,7124,,,images/オルタネイト/[吟風爽日]藤原肇.jpg
[サマーキャット☆ランデブー],前川みく,Cu,,ビジュアル,キュートアイドルのみ編成時、全員の全アピール値50％アップ,オルタネイト,にゃみうちぎわのカケヒキ,6,中,4663,3853,7176,,,images/オルタネイト/[サマーキャット☆ランデブー]前川みく.jpg
[愛しきフローラル],西園寺琴歌,Cu,,ダンス,キュートアイドルのみ編成時、全員の全アピール値50％アップ,オルタネイト,抱きとめる幸せ,6,中,3880,7124,4688,,,images/オルタネイト/[愛しきフローラル]西園寺琴歌.jpg
[自称・愛しい花嫁],輿水幸子,Cu,,ボーカル,キュートアイドルのみ編成時、全員の全アピール値50％アップ,オルタネイト,自称・カワイイセレモニー,6,中,7124,3881,4687,,,images/オルタネイト/[自称・愛しい花嫁]輿水幸子.jpg
[放課後★ストロングシャウト],早坂美玲,Cu,,ビジュアル,キュートアイドルのみ編成時、全員の全アピール値50％アップ,オルタネイト,自由への狂騒,6,中,3883,4684,7124,5th,,images/オルタネイト/[放課後★ストロングシャウト]早坂美玲.jpg
[わるなぎスタイル],久川凪,Pa,,ダンス,パッションアイドルのみ編成時、全員の全アピール値50％アップ,オルタネイト,あらぶる凪のポーズ,6,中,3900,7124,4667,5th,,images/オルタネイト/[わるなぎスタイル]久川凪.jpg
[甘カワ☆ニゅーいヤー],大槻唯,Pa,,ボーカル,パッションアイドルのみ編成時、全員の全アピール値50％アップ,オルタネイト,どーん ! とお正月☆,6,中,7124,3882,4684,6th,,images/オルタネイト/[甘カワ☆ニゅーいヤー]大槻唯.jpg
[五行相克・陰陽ぱわー],堀裕子,Pa,,ビジュアル,パッションアイドルのみ編成時、全員の全アピール値50％アップ,オルタネイト,さいきっく☆陰陽びーむ,6,中,3887,4680,7124,,,images/オルタネイト/[五行相克・陰陽ぱわー]堀裕子.jpg
[真夏の☆はぁとミーツハート],佐藤心,Pa,,ダンス,パッションアイドルのみ編成時、全員の全アピール値50％アップ,オルタネイト,魅惑のぼんっきゅっぼんっ♪,6,中,4659,7176,3856,,,images/オルタネイト/[真夏の☆はぁとミーツハート]佐藤心.jpg
[うぉーたーぱらだいす],浅利七海,Co,,ボーカル,クールアイドルのみ編成時、全員の全アピール値50％アップ,オルタネイト,おとなりの世界,9,中,7124,4689,3879,6th,,images/オルタネイト/[うぉーたーぱらだいす]浅利七海.jpg
[ラヴィサン・ショコラ],高垣楓,Co,,ダンス,クールアイドルのみ編成時、全員の全アピール値50％アップ,オルタネイト,魅惑の口どけ,9,中,4693,7124,3874,,,images/オルタネイト/[ラヴィサン・ショコラ]高垣楓.jpg
[ワールドエンド・ブライド],北条加蓮,Co,,ボーカル,クールアイドルのみ編成時、全員の全アピール値50％アップ,オルタネイト,最果ての誓約,9,中,7176,3855,4661,,,images/オルタネイト/[ワールドエンド・ブライド]北条加蓮.jpg
[咲きすさぶ青嵐],渋谷凛,Co,,ビジュアル,クールアイドルのみ編成時、全員の全アピール値50％アップ,オルタネイト,月華一閃,9,中,4689,3879,7124,6th,,images/オルタネイト/[咲きすさぶ青嵐]渋谷凛.jpg
[とこしえの想い],小日向美穂,Cu,,ボーカル,キュートアイドルのみ編成時、全員の全アピール値50％アップ,オルタネイト,姫のたしなみ,9,中,7124,4692,3874,,,images/オルタネイト/[とこしえの想い]小日向美穂.jpg
[謹賀のお出迎え],道明寺歌鈴,Cu,,ビジュアル,キュートアイドルのみ編成時、全員の全アピール値50％アップ,オルタネイト,ことよろ神楽,9,中,4694,3873,7124,6th,,images/オルタネイト/[謹賀のお出迎え]道明寺歌鈴.jpg
[白詰草縁起],緒方智絵里,Cu,,ダンス,キュートアイドルのみ編成時、全員の全アピール値50％アップ,オルタネイト,緋色の段,9,中,3888,7124,4678,,,images/オルタネイト/[白詰草縁起]緒方智絵里.jpg
[艶炎小唄],木村夏樹,Pa,,ダンス,パッションアイドルのみ編成時、全員の全アピール値50％アップ,オルタネイト,身を焦がす秋嵐,9,中,4690,7124,3878,6th,,images/オルタネイト/[艶炎小唄]木村夏樹.jpg
[花の御庭番],相葉夕美,Pa,,ビジュアル,パッションアイドルのみ編成時、全員の全アピール値50％アップ,オルタネイト,秘剣・花吹雪,9,中,4688,3880,7124,,,images/オルタネイト/[花の御庭番]相葉夕美.jpg
[超光のミーティア],本田未央,Pa,,ボーカル,パッションアイドルのみ編成時、全員の全アピール値50％アップ,オルタネイト,飛び立つ勇気,9,中,7124,4694,3872,6th,,images/オルタネイト/[超光のミーティア]本田未央.jpg
[がぉがぉカーニバル],三船美優,Co,,ビジュアル,クールアイドルのみ編成時、全員の全アピール値50％アップ,オルタネイト,ひかえめないたずら,11,中,3881,4687,7124,,,images/オルタネイト/[がぉがぉカーニバル]三船美優.jpg
[祝福のシュトラール],神崎蘭子,Co,,ダンス,クールアイドルのみ編成時、全員の全アピール値50％アップ,オルタネイト,ノエル・メモワール,11,中,3880,7124,4688,6th,,images/オルタネイト/[祝福のシュトラール]神崎蘭子.jpg
[美しき装丁、愛しき言葉],鷺沢文香,Co,,ボーカル,クールアイドルのみ編成時、全員の全アピール値50％アップ,オルタネイト,君と綴る物語,11,中,7124,4690,3878,,,images/オルタネイト/[美しき装丁、愛しき言葉]鷺沢文香.jpg
[プラトニック・エゴイスト],一ノ瀬志希,Cu,,ダンス,キュートアイドルのみ編成時、全員の全アピール値50％アップ,オルタネイト,シニカルラヴァー,11,中,3891,7124,4676,,,images/オルタネイト/[プラトニック・エゴイスト]一ノ瀬志希.jpg
[永久に終わりを知らぬ愛],佐久間まゆ,Cu,,ボーカル,キュートアイドルのみ編成時、全員の全アピール値50％アップ,オルタネイト,痛みさえも愛して,11,中,7176,3852,4664,,,images/オルタネイト/[永久に終わりを知らぬ愛]佐久間まゆ.jpg
[思ひ出になる今日へ],小早川紗枝,Cu,,ビジュアル,キュートアイドルのみ編成時、全員の全アピール値50％アップ,オルタネイト,春色すくーるでいず,11,中,4679,3888,7124,,,images/オルタネイト/[思ひ出になる今日へ]小早川紗枝.jpg
[目指せ！ユートピア],双葉杏,Cu,,ボーカル,キュートアイドルのみ編成時、全員の全アピール値50％アップ,オルタネイト,水平線の向こうまで,11,中,7124,4683,3883,5th,,images/オルタネイト/[目指せ！ユートピア]双葉杏.jpg
[あなたに捧ぐ王子様],喜多日菜子,Pa,,ビジュアル,パッションアイドルのみ編成時、全員の全アピール値50％アップ,オルタネイト,一夜だけの秘密,11,中,3885,4682,7124,6th,,images/オルタネイト/[あなたに捧ぐ王子様]喜多日菜子.jpg
[カラマ・バケーション！],イヴ・サンタクロース,Pa,,ダンス,パッションアイドルのみ編成時、全員の全アピール値50％アップ,オルタネイト,うきうきバカンスタイム,11,中,3897,7124,4669,6th,,images/オルタネイト/[カラマ・バケーション！]イヴ・サンタクロース.jpg
[渚の夏乙女],依田芳乃,Pa,,ボーカル,パッションアイドルのみ編成時、全員の全アピール値50％アップ,オルタネイト,群青燦々,11,中,7124,4676,3890,,,images/オルタネイト/[渚の夏乙女]依田芳乃.jpg
[夢見りあむは愛を救う],夢見りあむ,Pa,,ボーカル,パッションアイドルのみ編成時、全員の全アピール値50％アップ,オルタネイト,このお気持ちは砕けない,11,中,7176,3846,4668,,,images/オルタネイト/[夢見りあむは愛を救う]夢見りあむ.jpg
[キトゥンズガーデン],佐城雪美,Co,,ビジュアル,クールアイドルのみ編成時、全員の全アピール値50％アップ,オルタネイト,夢見るにゃんこ,13,高,4685,3881,7124,6th,,images/オルタネイト/[キトゥンズガーデン]佐城雪美.jpg
[プリマステラ・ジュエル],桐生つかさ,Co,,ボーカル,クールアイドルのみ編成時、全員の全アピール値50％アップ,オルタネイト,宝石の瞳,13,高,7124,3890,4676,,,images/オルタネイト/[プリマステラ・ジュエル]桐生つかさ.jpg
[錦秋の心化粧],アナスタシア,Co,,ダンス,クールアイドルのみ編成時、全員の全アピール値50％アップ,オルタネイト,火照る葉の想い,13,高,3875,7124,4692,,,images/オルタネイト/[錦秋の心化粧]アナスタシア.jpg
[はじけてサマーアップル],辻野あかり,Cu,,ダンス,キュートアイドルのみ編成時、全員の全アピール値50％アップ,オルタネイト,赤いりんごと青い空,13,高,4674,7124,3869,5th,,images/オルタネイト/[はじけてサマーアップル]辻野あかり.jpg
[ミライ∞ポテンシャル],持田亜里沙,Cu,,ボーカル,キュートアイドルのみ編成時、全員の全アピール値50％アップ,オルタネイト,夢とりどりの明日,13,高,7124,4684,3882,6th,,images/オルタネイト/[ミライ∞ポテンシャル]持田亜里沙.jpg
[ライフ・グラフィティ],五十嵐響子,Cu,,ビジュアル,キュートアイドルのみ編成時、全員の全アピール値50％アップ,オルタネイト,まごころペイント,13,高,4685,3881,7124,,,images/オルタネイト/[ライフ・グラフィティ]五十嵐響子.jpg
[バトル☆バレンタイン],三好紗南,Pa,,ビジュアル,パッションアイドルのみ編成時、全員の全アピール値50％アップ,オルタネイト,ガー不スイーツコンボ,13,高,4685,3881,7124,6th,,images/オルタネイト/[バトル☆バレンタイン]三好紗南.jpg
[ミステリアス・パイリアス],星輝子,Pa,,ダンス,パッションアイドルのみ編成時、全員の全アピール値50％アップ,オルタネイト,熱いキモチはユキノシタ,13,高,3884,7124,4682,,,images/オルタネイト/[ミステリアス・パイリアス]星輝子.jpg
[一夜の煌きは永遠に],ナターリア,Pa,,ボーカル,パッションアイドルのみ編成時、全員の全アピール値50％アップ,オルタネイト,月夜に舞う光,13,高,7124,3877,4691,5th,,images/オルタネイト/[一夜の煌きは永遠に]ナターリア.jpg
[ソング・フォー・ライフ],北条加蓮,Co,,ダンス,クールアイドルのダンスアピール値90%アップ,コンボボーナス,今夜だけの歌声,4,高,4677,7059,3889,2th,,images/コンボボーナス/[ソング・フォー・ライフ]北条加蓮.jpg
[ドラマティック・ナイト],五十嵐響子,Cu,,ボーカル,キュートアイドルのボーカルアピール値90%アップ,コンボボーナス,刺激的スパイス,4,高,7132,3878,4680,2th,,images/コンボボーナス/[ドラマティック・ナイト]五十嵐響子.jpg
[茜色の彩り],高垣楓,Co,,ビジュアル,3タイプ全てのアイドル編成時、全員のビジュアルアピール値100％アップ,コンボボーナス(3色),たなびく余韻,4,高,3725,4596,7381,,,images/コンボボーナス/[茜色の彩り]高垣楓.jpg
[祝福の花をあなたに],イヴ・サンタクロース,Pa,,ボーカル,パッションアイドルのボーカルアピール値90%アップ,コンボボーナス,幸せを乗せて,6,中,7198,4648,3827,5th,,images/コンボボーナス/[祝福の花をあなたに]イヴ・サンタクロース.jpg
[甘美なる一夜],新田美波,Co,,ダンス,クールアイドルのダンスアピール値90%アップ,コンボボーナス,背徳の味,6,中,4629,7229,3806,6th,,images/コンボボーナス/[甘美なる一夜]新田美波.jpg
[ウサミン・ザ・シークレット],安部菜々,Cu,,ボーカル,3タイプ全てのアイドル編成時、全員のボーカルアピール値100％アップ,コンボボーナス(3色),しっとり電波☆ぴぴっ♪,6,中,7381,4596,3725,,,images/コンボボーナス/[ウサミン・ザ・シークレット]安部菜々.jpg
[自称・スウィートヒロイン],輿水幸子,Cu,,ダンス,3タイプ全てのアイドル編成時、全員のダンスアピール値100％アップ,コンボボーナス(3色),自称・ステキトッピング,6,中,4596,7381,3725,,,images/コンボボーナス/[自称・スウィートヒロイン]輿水幸子.jpg
[サマータイム☆ハイ],大槻唯,Pa,,ダンス,パッションアイドルのダンスアピール値90%アップ,コンボボーナス,アッパーチューン,7,高,4637,7063,3839,1th,,images/コンボボーナス/[サマータイム☆ハイ]大槻唯.jpg
[クリスタルスノー],アナスタシア,Co,,ボーカル,クールアイドルのボーカルアピール値90%アップ,コンボボーナス,スノーライトシャワー,7,中,6980,3759,4550,1th,,images/コンボボーナス/[クリスタルスノー]アナスタシア.jpg
[夢色クローバー],緒方智絵里,Cu,,ボーカル,キュートアイドルのボーカルアピール値90%アップ,コンボボーナス,うまれたての風,7,中,6960,4561,3773,1th,,images/コンボボーナス/[夢色クローバー]緒方智絵里.jpg
[トリート・オア・トリート],佐久間まゆ,Cu,,ビジュアル,キュートアイドルのビジュアルアピール値90%アップ,コンボボーナス,愛されトリック,7,高,3847,4652,7110,2th,,images/コンボボーナス/[トリート・オア・トリート]佐久間まゆ.jpg
[オーバー・マイセルフ],渋谷凛,Co,,ボーカル,3タイプ全てのアイドル編成時、全員のボーカルアピール値100％アップ,コンボボーナス(3色),見えてきた光,7,高,7381,4596,3725,,,images/コンボボーナス/[オーバー・マイセルフ]渋谷凛.jpg
[ソル・パライソ],大槻唯,Pa,,ビジュアル,3タイプ全てのアイドル編成時、全員のビジュアルアピール値100％アップ,コンボボーナス(3色),エスペランサ,7,高,4596,3725,7381,,,images/コンボボーナス/[ソル・パライソ]大槻唯.jpg
[ハッピーホイップ],赤城みりあ,Pa,,ビジュアル,パッションアイドルのビジュアルアピール値90%アップ,コンボボーナス,ドレミファステップ,9,高,3821,4602,6970,1th,,images/コンボボーナス/[ハッピーホイップ]赤城みりあ.jpg
[密やかな饗宴],鷺沢文香,Co,,ボーカル,クールアイドルのボーカルアピール値90%アップ,コンボボーナス,心での語らい,9,高,7070,3835,4631,1th,,images/コンボボーナス/[密やかな饗宴]鷺沢文香.jpg
[運命の待ち人],神崎蘭子,Co,,ビジュアル,クールアイドルのビジュアルアピール値90%アップ,コンボボーナス,永遠の契約,9,高,3780,4588,7080,1th,,images/コンボボーナス/[運命の待ち人]神崎蘭子.jpg
[華ほころびる宴],小早川紗枝,Cu,,ビジュアル,キュートアイドルのビジュアルアピール値90%アップ,コンボボーナス,想い紡ぐ紅,9,中,4649,3828,7196,2th,,images/コンボボーナス/[華ほころびる宴]小早川紗枝.jpg
[プリプリウサミン],安部菜々,Cu,,ダンス,キュートアイドルのダンスアピール値90%アップ,コンボボーナス,ゴーゴーメルヘン,9,高,3832,6957,4608,1th,,images/コンボボーナス/[プリプリウサミン]安部菜々.jpg
[ワンダーエンターテイナー],本田未央,Pa,,ダンス,3タイプ全てのアイドル編成時、全員のダンスアピール値100％アップ,コンボボーナス(3色),チャンスを掴め☆,9,中,3725,7381,4596,,,images/コンボボーナス/[ワンダーエンターテイナー]本田未央.jpg
[パンプキンパーティー],十時愛梨,Pa,,ボーカル,パッションアイドルのボーカルアピール値90%アップ,コンボボーナス,スウィートトリック,11,高,6954,3779,4564,1th,,images/コンボボーナス/[パンプキンパーティー]十時愛梨.jpg
[めろめろサマー],諸星きらり,Pa,,ビジュアル,パッションアイドルのビジュアルアピール値90%アップ,コンボボーナス,きらりん☆さんさん,11,中,4629,3830,7076,1th,,images/コンボボーナス/[めろめろサマー]諸星きらり.jpg
[あたたかな居場所],高森藍子,Pa,,ダンス,パッションアイドルのダンスアピール値90%アップ,コンボボーナス,こころ癒す風,11,中,3879,7073,4671,2th,,images/コンボボーナス/[あたたかな居場所]高森藍子.jpg
[夜風の誘い],高垣楓,Co,,ボーカル,クールアイドルのボーカルアピール値90%アップ,コンボボーナス,背中を押す風,11,高,7021,4577,3782,1th,,images/コンボボーナス/[夜風の誘い]高垣楓.jpg
[ドレスアップナイト],神谷奈緒,Co,,ビジュアル,クールアイドルのビジュアルアピール値90%アップ,コンボボーナス,重なり続ける想い,11,高,3859,4658,7098,2th,,images/コンボボーナス/[ドレスアップナイト]神谷奈緒.jpg
[ドリーミンブライド],前川みく,Cu,,ボーカル,キュートアイドルのボーカルアピール値90%アップ,コンボボーナス,にゃんだふるダンス,11,高,7074,4591,3785,1th,,images/コンボボーナス/[ドリーミンブライド]前川みく.jpg
[ローズフルール],櫻井桃華,Cu,,ダンス,キュートアイドルのダンスアピール値90%アップ,コンボボーナス,愛の薔薇,11,高,4600,7054,3801,1th,,images/コンボボーナス/[ローズフルール]櫻井桃華.jpg
[ピースフルデイズ],島村卯月,Cu,,ビジュアル,3タイプ全てのアイドル編成時、全員のビジュアルアピール値100％アップ,コンボボーナス(3色),笑顔のピース,11,中,4596,3725,7381,,,images/コンボボーナス/[ピースフルデイズ]島村卯月.jpg
[うつつの華模様],塩見周子,Co,,ダンス,3タイプ全てのアイドル編成時、全員のダンスアピール値100％アップ,コンボボーナス(3色),想い渡す先,11,高,3725,7381,4596,,,images/コンボボーナス/[うつつの華模様]塩見周子.jpg
[エモーショナルビート],木村夏樹,Pa,,ビジュアル,パッションアイドルのビジュアルアピール値90%アップ,コンボボーナス,高鳴る熱情,13,高,4594,3790,7068,1th,,images/コンボボーナス/[エモーショナルビート]木村夏樹.jpg
[重ねた花びら],相葉夕美,Pa,,ダンス,パッションアイドルのダンスアピール値90%アップ,コンボボーナス,花びらに込めて,13,高,3828,7196,4649,2th,,images/コンボボーナス/[重ねた花びら]相葉夕美.jpg
[こころ、酔わせて],三船美優,Co,,ビジュアル,クールアイドルのビジュアルアピール値90%アップ,コンボボーナス,こころ、みちゆく,13,高,4694,3897,7106,2th,,images/コンボボーナス/[こころ、酔わせて]三船美優.jpg
[#この瞬間を楽しんで],砂塚あきら,Co,,ダンス,クールアイドルのダンスアピール値90%アップ,コンボボーナス,サマートレンド・エナジー,13,高,4628,7228,3808,5th,,images/コンボボーナス/[#この瞬間を楽しんで]砂塚あきら.jpg
[ピュアホワイト・ハート],小日向美穂,Cu,,ビジュアル,キュートアイドルのビジュアルアピール値90%アップ,コンボボーナス,聖夜の贈り物,13,高,4630,3804,7230,6th,,images/コンボボーナス/[ピュアホワイト・ハート]小日向美穂.jpg
[グロリアス★グロウ],城ヶ崎美嘉,Pa,,ボーカル,3タイプ全てのアイドル編成時、全員のボーカルアピール値100％アップ,コンボボーナス(3色),メイクオブライト,13,高,7381,3725,4596,,,images/コンボボーナス/[グロリアス★グロウ]城ヶ崎美嘉.jpg
[シンデレラガール],イヴ・サンタクロース,Pa,,ボーカル,LIVEクリア時、中確率でスターエンブレムを獲得,クリスタル・ヒール,シンデレラプレゼント,0,高,6236,4972,4720,,,images/クリスタル・ヒール/[シンデレラガール]イヴ・サンタクロース.jpg
[クリアブルーに誘われて],速水奏,Co,Pa,ボーカル&ダンス,パッション楽曲でクールアイドルにタイプボーナスが発生しボーカルアピール値150％アップ、パッションアイドルのダンスアピール値160％アップ,ドミナント・ハーモニー,手の内のヒカリ,6,中,7705,7897,68,,パッション楽曲でクールとパッションのアイドルのみ編成時、6秒毎、中確率でわずかな間、クールアイドルのスコアアップ効果と、パッションアイドルのCOMBOボーナス効果をそれぞれの人数に応じてアップ,images/ドミナント・ハーモニー/[クリアブルーに誘われて]速水奏.jpg
[スイートドリームイーター],塩見周子,Co,Cu,ビジュアル&ボーカル,キュート楽曲でクールアイドルにタイプボーナスが発生しビジュアルアピール値150％アップ、キュートアイドルのボーカルアピール値160％アップ,ドミナント・ハーモニー,気まぐれシュガーコート,6,中,7897,68,7705,,キュート楽曲でクールとキュートのアイドルのみ編成時、6秒毎、中確率でわずかな間、クールアイドルのスコアアップ効果と、キュートアイドルのCOMBOボーナス効果をそれぞれの人数に応じてアップ,images/ドミナント・ハーモニー/[スイートドリームイーター]塩見周子.jpg
[はぴねす☆アンジュ],宮本フレデリカ,Cu,Pa,ダンス&ビジュアル,パッション楽曲でキュートアイドルにタイプボーナスが発生しダンスアピール値150％アップ、パッションアイドルのビジュアルアピール値160％アップ,ドミナント・ハーモニー,幸せビーム !,6,中,68,7705,7897,,パッション楽曲でキュートとパッションのアイドルのみ編成時、6秒毎、中確率でわずかな間、キュートアイドルのスコアアップ効果と、パッションアイドルのCOMBOボーナス効果をそれぞれの人数に応じてアップ,images/ドミナント・ハーモニー/[はぴねす☆アンジュ]宮本フレデリカ.jpg
[青き女王の夜想曲],黒埼ちとせ,Cu,Co,ビジュアル&ボーカル,クール楽曲でキュートアイドルにタイプボーナスが発生しビジュアルアピール値150％アップ、クールアイドルのボーカルアピール値160％アップ,ドミナント・ハーモニー,チェックメイト・ゲーム,6,中,7897,68,7705,,クール楽曲でキュートとクールのアイドルのみ編成時、6秒毎、中確率でわずかな間、キュートアイドルのスコアアップ効果と、クールアイドルのCOMBOボーナス効果をそれぞれの人数に応じてアップ,images/ドミナント・ハーモニー/[青き女王の夜想曲]黒埼ちとせ.jpg
[コンフリクト・リベリオン],星輝子,Pa,Co,ボーカル&ダンス,クール楽曲でパッションアイドルにタイプボーナスが発生しボーカルアピール値150％アップ、クールアイドルのダンスアピール値160％アップ,ドミナント・ハーモニー,決意の喝采,6,中,7705,7897,68,,クール楽曲でパッションとクールのアイドルのみ編成時、6秒毎、中確率でわずかな間、パッションアイドルのスコアアップ効果と、クールアイドルのCOMBOボーナス効果をそれぞれの人数に応じてアップ,images/ドミナント・ハーモニー/[コンフリクト・リベリオン]星輝子.jpg
[ひとりじめ♪ハニーメイド],相葉夕美,Pa,Cu,ダンス&ビジュアル,キュート楽曲でパッションアイドルにタイプボーナスが発生しダンスアピール値150％アップ、キュートアイドルのビジュアルアピール値160％アップ,ドミナント・ハーモニー,花びらに隠したキモチ,6,中,68,7705,7897,,キュート楽曲でパッションとキュートのアイドルのみ編成時、6秒毎、中確率でわずかな間、パッションアイドルのスコアアップ効果と、キュートアイドルのCOMBOボーナス効果をそれぞれの人数に応じてアップ,images/ドミナント・ハーモニー/[ひとりじめ♪ハニーメイド]相葉夕美.jpg
[らぶりー・やみのま],神崎蘭子,Co,Cu,ダンス&ビジュアル,キュート楽曲でクールアイドルにタイプボーナスが発生しダンスアピール値150％アップ、キュートアイドルのビジュアルアピール値160％アップ,ドミナント・ハーモニー,集え、魅惑の地へ♪,11,中,73,7705,7892,,キュート楽曲でクールとキュートのアイドルのみ編成時、11秒毎、中確率でかなりの間、クールアイドルのスコアアップ効果と、キュートアイドルのCOMBOボーナス効果をそれぞれの人数に応じてアップ,images/ドミナント・ハーモニー/[らぶりー・やみのま]神崎蘭子.jpg
[ハイブリッド・スペクトル],二宮飛鳥,Co,Pa,ビジュアル&ボーカル,パッション楽曲でクールアイドルにタイプボーナスが発生しビジュアルアピール値150％アップ、パッションアイドルのボーカルアピール値160％アップ,ドミナント・ハーモニー,14歳のボク,11,中,7892,73,7705,,パッション楽曲でクールとパッションのアイドルのみ編成時、11秒毎、中確率でかなりの間、クールアイドルのスコアアップ効果と、パッションアイドルのCOMBOボーナス効果をそれぞれの人数に応じてアップ,images/ドミナント・ハーモニー/[ハイブリッド・スペクトル]二宮飛鳥.jpg
[クリア・ハッピーロール],一ノ瀬志希,Cu,Pa,ボーカル&ダンス,パッション楽曲でキュートアイドルにタイプボーナスが発生しボーカルアピール値150％アップ、パッションアイドルのダンスアピール値160％アップ,ドミナント・ハーモニー,希望の羽,11,中,7705,7892,73,,パッション楽曲でキュートとパッションのアイドルのみ編成時、11秒毎、中確率でかなりの間、キュートアイドルのスコアアップ効果と、パッションアイドルのCOMBOボーナス効果をそれぞれの人数に応じてアップ,images/ドミナント・ハーモニー/[クリア・ハッピーロール]一ノ瀬志希.jpg
[コール・オブ・ディープ],五十嵐響子,Cu,Co,ダンス&ビジュアル,クール楽曲でキュートアイドルにタイプボーナスが発生しダンスアピール値150％アップ、クールアイドルのビジュアルアピール値160％アップ,ドミナント・ハーモニー,からみつく夜の潮風,11,中,73,7705,7892,,クール楽曲でキュートとクールのアイドルのみ編成時、11秒毎、中確率でかなりの間、キュートアイドルのスコアアップ効果と、クールアイドルのCOMBOボーナス効果をそれぞれの人数に応じてアップ,images/ドミナント・ハーモニー/[コール・オブ・ディープ]五十嵐響子.jpg
[摩天楼は十時の眠り],十時愛梨,Pa,Co,ビジュアル&ボーカル,クール楽曲でパッションアイドルにタイプボーナスが発生しビジュアルアピール値150％アップ、クールアイドルのボーカルアピール値160％アップ,ドミナント・ハーモニー,もっと、もっと高く !,11,中,7892,73,7705,,クール楽曲でパッションとクールのアイドルのみ編成時、11秒毎、中確率でかなりの間、パッションアイドルのスコアアップ効果と、クールアイドルのCOMBOボーナス効果をそれぞれの人数に応じてアップ,images/ドミナント・ハーモニー/[摩天楼は十時の眠り]十時愛梨.jpg
[ばいばいろんりー],市原仁奈,Pa,Cu,ボーカル&ダンス,キュート楽曲でパッションアイドルにタイプボーナスが発生しボーカルアピール値150％アップ、キュートアイドルのダンスアピール値160％アップ,ドミナント・ハーモニー,いっしょにいてね,11,中,7705,7892,73,,キュート楽曲でパッションとキュートのアイドルのみ編成時、11秒毎、中確率でかなりの間、パッションアイドルのスコアアップ効果と、キュートアイドルのCOMBOボーナス効果をそれぞれの人数に応じてアップ,images/ドミナント・ハーモニー/[ばいばいろんりー]市原仁奈.jpg
[ラブリー・ラブミー],渋谷凛,Co,Cu,ボーカル&ダンス,キュート楽曲でクールアイドルにタイプボーナスが発生しボーカルアピール値150％アップ、キュートアイドルのダンスアピール値160％アップ,ドミナント・ハーモニー,メイクアップ・スウィート,13,高,7406,7589,55,,キュート楽曲でクールとキュートのアイドルのみ編成時、13秒毎、高確率でかなりの間、クールアイドルのスコアアップ効果と、キュートアイドルのCOMBOボーナス効果をそれぞれの人数に応じてアップ,images/ドミナント・ハーモニー/[ラブリー・ラブミー]渋谷凛.jpg
[ブルーミング・フェアリー],鷺沢文香,Co,Pa,ダンス&ビジュアル,パッション楽曲でクールアイドルにタイプボーナスが発生しダンスアピール値150％アップ、パッションアイドルのビジュアルアピール値160％アップ,ドミナント・ハーモニー,拝啓、あの日の私へ,13,高,58,7711,7902,,パッション楽曲でクールとパッションのアイドルのみ編成時、13秒毎、高確率でかなりの間、クールアイドルのスコアアップ効果と、パッションアイドルのCOMBOボーナス効果をそれぞれの人数に応じてアップ,images/ドミナント・ハーモニー/[ブルーミング・フェアリー]鷺沢文香.jpg
[自称・プリンス],輿水幸子,Cu,Co,ボーカル&ダンス,クール楽曲でキュートアイドルにタイプボーナスが発生しボーカルアピール値150％アップ、クールアイドルのダンスアピール値160％アップ,ドミナント・ハーモニー,自称・一輪の赤い薔薇,13,高,7711,7902,58,,クール楽曲でキュートとクールのアイドルのみ編成時、13秒毎、高確率でかなりの間、キュートアイドルのスコアアップ効果と、クールアイドルのCOMBOボーナス効果をそれぞれの人数に応じてアップ,images/ドミナント・ハーモニー/[自称・プリンス]輿水幸子.jpg
[ひみつの森のマイネ・リーベ],高森藍子,Pa,Cu,ビジュアル&ボーカル,キュート楽曲でパッションアイドルにタイプボーナスが発生しビジュアルアピール値150％アップ、キュートアイドルのボーカルアピール値160％アップ,ドミナント・ハーモニー,つかまえて、抱きしめて,13,高,7902,58,7711,,キュート楽曲でパッションとキュートのアイドルのみ編成時、13秒毎、高確率でかなりの間、パッションアイドルのスコアアップ効果と、キュートアイドルのCOMBOボーナス効果をそれぞれの人数に応じてアップ,images/ドミナント・ハーモニー/[ひみつの森のマイネ・リーベ]高森藍子.jpg
[巡り巡るシンフォニー],水本ゆかり,Cu,,ボーカル,LIVEクリア時、獲得ファン数が40%アップ,トリコロール・シナジー,響き合う世界,7,高,11641,1666,2393,,,images/トリコロール・シナジー/[巡り巡るシンフォニー]水本ゆかり.jpg
[ノーディライト・ノーライフ],桐生つかさ,Co,,ボーカル,LIVEクリア時、獲得ファン数が40%アップ,トリコロール・シナジー,ただひとつのシナジー,7,高,11641,2390,1669,,,images/トリコロール・シナジー/[ノーディライト・ノーライフ]桐生つかさ.jpg
[夜の一輪],相葉夕美,Pa,,ボーカル,LIVEクリア時、獲得ファン数が40%アップ,トリコロール・シナジー,イバラでおしおき♪,7,高,11641,2388,1671,,,images/トリコロール・シナジー/[夜の一輪]相葉夕美.jpg
[日向の乙女],小日向美穂,Cu,,ダンス,LIVEクリア時、獲得ファン数が40%アップ,トリコロール・シナジー,日向の笑顔,7,高,1671,11641,2388,,,images/トリコロール・シナジー/[日向の乙女]小日向美穂.jpg
[うみのたからもの],浅利七海,Co,,ダンス,LIVEクリア時、獲得ファン数が40%アップ,トリコロール・シナジー,コバルト色の夢,7,高,2389,11641,1670,,,images/トリコロール・シナジー/[うみのたからもの]浅利七海.jpg
[ありすの物語],橘ありす,Co,,ビジュアル,LIVEクリア時、獲得ファン数が40%アップ,トリコロール・シナジー,等身大の私,7,高,2388,1671,11641,,,images/トリコロール・シナジー/[ありすの物語]橘ありす.jpg
[挑戦者たちのエール],姫川友紀,Pa,,ビジュアル,LIVEクリア時、獲得ファン数が40%アップ,トリコロール・シナジー,勝ち続ける意志,7,高,1661,2398,11641,,,images/トリコロール・シナジー/[挑戦者たちのエール]姫川友紀.jpg
[ラブリンク・フラワー],椎名法子,Cu,,ボーカル,LIVEクリア時、獲得ファン数が40%アップ,トリコロール・シナジー,あまあまのりこ♪,9,高,11641,1670,2389,,,images/トリコロール・シナジー/[ラブリンク・フラワー]椎名法子.jpg
[一陣の情熱],神谷奈緒,Co,,ボーカル,LIVEクリア時、獲得ファン数が40%アップ,トリコロール・シナジー,踏み出した自信,9,高,11641,2388,1671,,,images/トリコロール・シナジー/[一陣の情熱]神谷奈緒.jpg
[デアデビル★モンスター],早坂美玲,Cu,,ダンス,LIVEクリア時、獲得ファン数が40%アップ,トリコロール・シナジー,本能アンリミテッド,9,高,2390,11641,1669,,,images/トリコロール・シナジー/[デアデビル★モンスター]早坂美玲.jpg
[オーダーメイド・はぁと],佐藤心,Pa,,ダンス,LIVEクリア時、獲得ファン数が40%アップ,トリコロール・シナジー,ぼん・きゅ・ぼんじゅーる☆,9,高,1671,11641,2388,,,images/トリコロール・シナジー/[オーダーメイド・はぁと]佐藤心.jpg
[ホワイト・ハピネス],緒方智絵里,Cu,,ビジュアル,LIVEクリア時、獲得ファン数が40%アップ,トリコロール・シナジー,天使のいる景色,9,高,1671,2388,11641,,,images/トリコロール・シナジー/[ホワイト・ハピネス]緒方智絵里.jpg
[この美しい世界を],上条春菜,Co,,ビジュアル,LIVEクリア時、獲得ファン数が40%アップ,トリコロール・シナジー,見つめ届けるアイ,9,高,2396,1663,11641,,,images/トリコロール・シナジー/[この美しい世界を]上条春菜.jpg
[黄昏れ焦がれ],白坂小梅,Co,,ボーカル,LIVEクリア時、獲得ファン数が40%アップ,トリコロール・シナジー,あわいの灯,11,高,11641,2391,1668,,,images/トリコロール・シナジー/[黄昏れ焦がれ]白坂小梅.jpg
[アイロニカル・エトランゼ],一ノ瀬志希,Cu,,ボーカル,LIVEクリア時、獲得ファン数が40%アップ,トリコロール・シナジー,もてあそぶ知性,11,高,11641,1671,2388,,,images/トリコロール・シナジー/[アイロニカル・エトランゼ]一ノ瀬志希.jpg
[幻想と神話の紡ぎ手],神崎蘭子,Co,,ダンス,LIVEクリア時、獲得ファン数が40%アップ,トリコロール・シナジー,自由と叛逆の翼,11,高,1671,11641,2388,,,images/トリコロール・シナジー/[幻想と神話の紡ぎ手]神崎蘭子.jpg
[ハートイグニッション],日野茜,Pa,,ダンス,LIVEクリア時、獲得ファン数が40%アップ,トリコロール・シナジー,情熱の導火線,11,高,2398,11641,1661,,,images/トリコロール・シナジー/[ハートイグニッション]日野茜.jpg
[うたかたの結び手],依田芳乃,Pa,,ビジュアル,LIVEクリア時、獲得ファン数が40%アップ,トリコロール・シナジー,紫翠のせせらぎ,11,高,2388,1671,11641,,,images/トリコロール・シナジー/[うたかたの結び手]依田芳乃.jpg
[ベル・アントルメ],三村かな子,Cu,,ボーカル,LIVEクリア時、獲得経験値/マニー/友情ptが50％アップ,トリコロール・シンフォニー,愛しのピエスモンテ,7,高,9282,3633,2788,,,images/トリコロール・シンフォニー/[ベル・アントルメ]三村かな子.jpg
[レディ・ウィズダム],川島瑞樹,Co,,ボーカル,LIVEクリア時、獲得経験値/マニー/友情ptが50％アップ,トリコロール・シンフォニー,ブリリアント・スカーレット,7,高,9282,2790,3631,,,images/トリコロール・シンフォニー/[レディ・ウィズダム]川島瑞樹.jpg
[やすらぎの温度],高森藍子,Pa,,ダンス,LIVEクリア時、獲得経験値/マニー/友情ptが50％アップ,トリコロール・シンフォニー,やさしいおまじない,7,高,3650,9282,2771,,,images/トリコロール・シンフォニー/[やすらぎの温度]高森藍子.jpg
[逍遥の息吹],中野有香,Cu,,ビジュアル,LIVEクリア時、獲得経験値/マニー/友情ptが50％アップ,トリコロール・シンフォニー,足跡は幾重にも,7,高,2789,3632,9282,,,images/トリコロール・シンフォニー/[逍遥の息吹]中野有香.jpg
[天に歌、地に器],藤原肇,Co,,ビジュアル,LIVEクリア時、獲得経験値/マニー/友情ptが50％アップ,トリコロール・シンフォニー,一の歌,7,高,3650,2771,9282,,,images/トリコロール・シンフォニー/[天に歌、地に器]藤原肇.jpg
[オープン・ユア・リドル],八神マキノ,Co,,ビジュアル,LIVEクリア時、獲得経験値/マニー/友情ptが50%アップ,トリコロール・シンフォニー,甘い秘密は謎の奥,9,高,3651,2770,9282,,,images/トリコロール・シンフォニー/[オープン・ユア・リドル]八神マキノ.jpg
[女神は朝焼けの海に],新田美波,Co,,ボーカル,LIVEクリア時、獲得経験値/マニー/友情ptが50％アップ,トリコロール・シンフォニー,新たなミソロジー,9,高,9282,3653,2768,,,images/トリコロール・シンフォニー/[女神は朝焼けの海に]新田美波.jpg
[黒薔薇は小夜に咲く],櫻井桃華,Cu,,ダンス,LIVEクリア時、獲得経験値/マニー/友情ptが50％アップ,トリコロール・シンフォニー,眠れぬ夜に口づけて,9,高,2776,9278,3649,,,images/トリコロール・シンフォニー/[黒薔薇は小夜に咲く]櫻井桃華.jpg
[フィロ・ド・ソル],ナターリア,Pa,,ダンス,LIVEクリア時、獲得経験値/マニー/友情ptが50％アップ,トリコロール・シンフォニー,アナタのためのベレーザ,9,高,3652,9282,2769,,,images/トリコロール・シンフォニー/[フィロ・ド・ソル]ナターリア.jpg
[トキメキ☆ラブハート],城ヶ崎莉嘉,Pa,,ビジュアル,LIVEクリア時、獲得経験値/マニー/友情ptが50％アップ,トリコロール・シンフォニー,大胆アピールタイム☆,9,高,2772,3649,9282,,,images/トリコロール・シンフォニー/[トキメキ☆ラブハート]城ヶ崎莉嘉.jpg
[アマ・デトワールの烙印],白雪千夜,Cu,,ボーカル,LIVEクリア時、獲得経験値/マニー/友情ptが50％アップ,トリコロール・シンフォニー,奥底の残光,11,高,9282,2777,3643,,,images/トリコロール・シンフォニー/[アマ・デトワールの烙印]白雪千夜.jpg
[コドクノツドイ],星輝子,Pa,,ボーカル,LIVEクリア時、獲得経験値/マニー/友情ptが50％アップ,トリコロール・シンフォニー,タマシイの音色,11,高,9282,3658,2762,,,images/トリコロール・シンフォニー/[コドクノツドイ]星輝子.jpg
[アブナイオトモダチ],白坂小梅,Co,,ダンス,LIVEクリア時、獲得経験値/マニー/友情ptが50％アップ,トリコロール・シンフォニー,ツナガルココロ,11,高,2767,9282,3654,,,images/トリコロール・シンフォニー/[アブナイオトモダチ]白坂小梅.jpg
[希望へ導くヒカリ],南条光,Pa,,ダンス,LIVEクリア時、獲得経験値/マニー/友情ptが50％アップ,トリコロール・シンフォニー,クライマックスドライブ,11,高,3654,9282,2767,,,images/トリコロール・シンフォニー/[希望へ導くヒカリ]南条光.jpg
[永遠の結び愛],佐久間まゆ,Cu,,ビジュアル,LIVEクリア時、獲得経験値/マニー/友情ptが50％アップ,トリコロール・シンフォニー,真紅のミライ,11,高,2768,3653,9282,,,images/トリコロール・シンフォニー/[永遠の結び愛]佐久間まゆ.jpg
[パルファム・ゼラニウム],三船美優,Co,,ダンス,3タイプ全てのアイドル編成時、全員の全アピール値40%アップ、全タイプ楽曲なら80%アップ,トリコロール・スパイク,ラグジュアリー・キス,7,高,3655,9282,2766,,,images/トリコロール・スパイク/[パルファム・ゼラニウム]三船美優.jpg
[愛されたがりベイビー],棟方愛海,Cu,,ビジュアル,3タイプ全てのアイドル編成時、全員の全アピール値40%アップ、全タイプ楽曲なら80%アップ,トリコロール・スパイク,本能的ダイブ !,7,高,2766,3655,9282,,,images/トリコロール・スパイク/[愛されたがりベイビー]棟方愛海.jpg
[おしゃべりはエンドレス],喜多見柚,Pa,,ボーカル,3タイプ全てのアイドル編成時、全員の全アピール値40%アップ、全タイプ楽曲なら80%アップ,トリコロール・スパイク,シトラスワールド,7,高,9282,2766,3655,,,images/トリコロール・スパイク/[おしゃべりはエンドレス]喜多見柚.jpg
[幸せの招き手],鷹富士茄子,Co,,ボーカル,3タイプ全てのアイドル編成時、全員の全アピール値40%アップ、全タイプ楽曲なら80%アップ,トリコロール・スパイク,一富士二鷹、茄子にゃーお♪,9,高,9334,2745,3624,,,images/トリコロール・スパイク/[幸せの招き手]鷹富士茄子.jpg
[純白の聖女],望月聖,Co,,ビジュアル,3タイプ全てのアイドル編成時、全員の全アピール値40%アップ、全タイプ楽曲なら80%アップ,トリコロール・スパイク,黎明のヒムナル,11,高,2765,3656,9282,,,images/トリコロール・スパイク/[純白の聖女]望月聖.jpg
[普通の私に特別な魔法を],島村卯月,Cu,,ボーカル,3タイプ全てのアイドル編成時、全員の全アピール値40％アップ、全タイプ楽曲なら80％アップ,トリコロール・スパイク,魔法使いのあなたと,11,高,9334,3625,2744,,,images/トリコロール・スパイク/[普通の私に特別な魔法を]島村卯月.jpg
[今日だってスペシャル],イヴ・サンタクロース,Pa,,ダンス,3タイプ全てのアイドル編成時、全員の全アピール値40％アップ、全タイプ楽曲なら80％アップ,トリコロール・スパイク,日常を変える愛,11,高,3656,9282,2765,,,images/トリコロール・スパイク/[今日だってスペシャル]イヴ・サンタクロース.jpg
[たったひとつの望み],白菊ほたる,Cu,,ビジュアル,キュートアイドルのみ編成時、全員の全アピール値50％アップ,フォーカス,ふたりを繋ぐもの,6,中,3813,4625,7225,,,images/フォーカス/[たったひとつの望み]白菊ほたる.jpg
[スマイル・アンド・トリート],島村卯月,Cu,,ボーカル,キュートアイドルのみ編成時、全員の全アピール値50％アップ,フォーカス,おかしなわたし,6,中,6236,4720,4972,3th,,images/フォーカス/[スマイル・アンド・トリート]島村卯月.jpg
[聖夜の約束],三船美優,Co,,ボーカル,クールアイドルのみ編成時、全員の全アピール値50％アップ,フォーカス,あたたかな贈り物,6,中,7196,4649,3828,4th,,images/フォーカス/[聖夜の約束]三船美優.jpg
[ミスティック・ドーン],速水奏,Co,,ダンス,クールアイドルのみ編成時、全員の全アピール値50％アップ,フォーカス,夜明けの素顔,6,中,3832,7188,4652,3th,,images/フォーカス/[ミスティック・ドーン]速水奏.jpg
[スウィート・ミント],結城晴,Co,,ビジュアル,クールアイドルのみ編成時、全員の全アピール値50％アップ,フォーカス,溶けない気持ち,6,中,3828,4649,7196,4th,,images/フォーカス/[スウィート・ミント]結城晴.jpg
[永遠の相棒],片桐早苗,Pa,,ボーカル,パッションアイドルのみ編成時、全員の全アピール値50％アップ,フォーカス,ギャップでイチコロ☆,6,中,7207,4644,3816,3th,,images/フォーカス/[永遠の相棒]片桐早苗.jpg
[はろうぃんもんすたー],市原仁奈,Pa,,ダンス,パッションアイドルのみ編成時、全員の全アピール値50％アップ,フォーカス,コアクマパワー !,6,中,4652,7188,3832,3th,,images/フォーカス/[はろうぃんもんすたー]市原仁奈.jpg
[約束のまなざし],城ヶ崎美嘉,Pa,,ビジュアル,パッションアイドルのみ編成時、全員の全アピール値50％アップ,フォーカス,少女の憧れ,6,中,3828,4649,7196,4th,,images/フォーカス/[約束のまなざし]城ヶ崎美嘉.jpg
[自称・パーリーピーポー],輿水幸子,Cu,,ボーカル,キュートアイドルのみ編成時、全員の全アピール値50％アップ,フォーカス,自称・幸子タイフーン,7,高,7188,3832,4652,2th,,images/フォーカス/[自称・パーリーピーポー]輿水幸子.jpg
[ビタースイート・タイム],小日向美穂,Cu,,ダンス,キュートアイドルのみ編成時、全員の全アピール値50％アップ,フォーカス,背伸びした甘味,7,高,4649,7196,3828,3th,,images/フォーカス/[ビタースイート・タイム]小日向美穂.jpg
[ソレイユ・エ・リュヌ],宮本フレデリカ,Cu,,ビジュアル,キュートアイドルのみ編成時、全員の全アピール値50％アップ,フォーカス,気ままなパピヨン,7,高,3812,4640,7213,4th,,images/フォーカス/[ソレイユ・エ・リュヌ]宮本フレデリカ.jpg
[ブルー・ホライゾン],塩見周子,Co,,ボーカル,クールアイドルのみ編成時、全員の全アピール値50％アップ,フォーカス,爽快スプラッシュ,7,高,7188,3832,4652,2th,,images/フォーカス/[ブルー・ホライゾン]塩見周子.jpg
[星祭りの夜],鷺沢文香,Co,,ビジュアル,クールアイドルのみ編成時、全員の全アピール値50％アップ,フォーカス,秘めた言の葉,7,高,4663,3846,7171,3th,,images/フォーカス/[星祭りの夜]鷺沢文香.jpg
[ラブ・モゥ・スイート],及川雫,Pa,,ビジュアル,パッションアイドルのみ編成時、全員の全アピール値50％アップ,フォーカス,ミルキーな隠し味,7,高,3832,4652,7188,2th,,images/フォーカス/[ラブ・モゥ・スイート]及川雫.jpg
[太陽より熱く！],中野有香,Cu,,ダンス,キュートアイドルのみ編成時、全員の全アピール値50％アップ,フォーカス,攻めの姿勢,9,高,4652,7188,3832,2th,,images/フォーカス/[太陽より熱く！]中野有香.jpg
[愛盛り☆フラッペ],棟方愛海,Cu,,ビジュアル,キュートアイドルのみ編成時、全員の全アピール値50％アップ,フォーカス,あま〜い誘惑,9,高,4644,3816,7207,3th,,images/フォーカス/[愛盛り☆フラッペ]棟方愛海.jpg
[渚の花嫁],新田美波,Co,,ダンス,クールアイドルのみ編成時、全員の全アピール値50％アップ,フォーカス,満ちるときも引くときも,9,高,3858,7157,4669,3th,,images/フォーカス/[渚の花嫁]新田美波.jpg
[ギフト・フォー・アンサー],森久保乃々,Co,,ビジュアル,クールアイドルのみ編成時、全員の全アピール値50％アップ,フォーカス,もりくぼスイッチ,9,高,4652,3832,7188,2th,,images/フォーカス/[ギフト・フォー・アンサー]森久保乃々.jpg
[ブリリアント・はぁと],佐藤心,Pa,,ボーカル,パッションアイドルのみ編成時、全員の全アピール値50％アップ,フォーカス,みんなの瞳に乾杯☆,9,高,7188,3832,4652,2th,,images/フォーカス/[ブリリアント・はぁと]佐藤心.jpg
[はぴはぴ☆はろうぃん],諸星きらり,Pa,,ダンス,パッションアイドルのみ編成時、全員の全アピール値50％アップ,フォーカス,きらりん☆ぱらそる,9,高,3837,7182,4655,4th,,images/フォーカス/[はぴはぴ☆はろうぃん]諸星きらり.jpg
[カレイドスノー],本田未央,Pa,,ボーカル,パッションアイドルのみ編成時、全員の全アピール値50％アップ,フォーカス,星降る夜の魔法,9,高,6236,4720,4972,3th,,images/フォーカス/[カレイドスノー]本田未央.jpg
[魅惑のショウタイム],佐久間まゆ,Cu,,ボーカル,キュートアイドルのみ編成時、全員の全アピール値50％アップ,フォーカス,あなたへの喝采,11,高,7196,4649,3828,3th,,images/フォーカス/[魅惑のショウタイム]佐久間まゆ.jpg
[ほの甘いロマンス],三村かな子,Cu,,ダンス,キュートアイドルのみ編成時、全員の全アピール値50％アップ,フォーカス,一味違うきらめき,11,高,4644,7207,3816,4th,,images/フォーカス/[ほの甘いロマンス]三村かな子.jpg
[カム・ウィズミー！],乙倉悠貴,Cu,,ビジュアル,キュートアイドルのみ編成時、全員の全アピール値50％アップ,フォーカス,あこがれ目指して,11,高,3832,4652,7188,2th,,images/フォーカス/[カム・ウィズミー！]乙倉悠貴.jpg
[エターナルブルーム],渋谷凛,Co,,ダンス,クールアイドルのみ編成時、全員の全アピール値50％アップ,フォーカス,未来への足どり,11,高,4720,6236,4972,2th,,images/フォーカス/[エターナルブルーム]渋谷凛.jpg
[レッツゴー☆パレード],姫川友紀,Pa,,ボーカル,パッションアイドルのみ編成時、全員の全アピール値50％アップ,フォーカス,ホームインフラッグ,11,高,7188,4652,3832,2th,,images/フォーカス/[レッツゴー☆パレード]姫川友紀.jpg
[ポッピン・ハイ☆],赤城みりあ,Pa,,ダンス,パッションアイドルのみ編成時、全員の全アピール値50％アップ,フォーカス,ワクワク☆ステップ,11,高,4655,7182,3837,3th,,images/フォーカス/[ポッピン・ハイ☆]赤城みりあ.jpg
[笑顔のレセプション],高森藍子,Pa,,ビジュアル,パッションアイドルのみ編成時、全員の全アピール値50％アップ,フォーカス,つなぐ喜び,11,高,4663,3846,7171,3th,,images/フォーカス/[笑顔のレセプション]高森藍子.jpg
[ふたりのアオハル1ページ],小日向美穂,Cu,,ボーカル&ダンス,キュートアイドルのみ編成時、キュート楽曲で全員のボーカル＆ダンスアピール値100%アップ,ミューチャル,ひなたで見つけて,6,中,7899,7714,57,,,images/ミューチャル/[ふたりのアオハル1ページ]小日向美穂.jpg
[幸福の待ち人],鷹富士茄子,Co,,ボーカル&ダンス,クールアイドルのみ編成時、クール楽曲で全員のボーカル&ダンスアピール値100%アップ,ミューチャル,あなたのそばで,6,中,7903,7709,59,,,images/ミューチャル/[幸福の待ち人]鷹富士茄子.jpg
[恋するスウィーティーサマー],佐藤心,Pa,,ボーカル&ダンス,パッションアイドルのみ編成時、パッション楽曲で全員のボーカル&ダンスアピール値100%アップ,ミューチャル,秘密のしゅがーモーション,6,中,7902,7709,60,,,images/ミューチャル/[恋するスウィーティーサマー]佐藤心.jpg
[ドルチェ・プエラ],一ノ瀬志希,Cu,,ダンス&ビジュアル,キュートアイドルのみ編成時、キュート楽曲で全員のダンス&ビジュアルアピール値100%アップ,ミューチャル,溶ける思い出,6,中,60,7902,7709,,,images/ミューチャル/[ドルチェ・プエラ]一ノ瀬志希.jpg
[メルティ・スノーギフト],砂塚あきら,Co,,ダンス&ビジュアル,クールアイドルのみ編成時、クール楽曲で全員のダンス&ビジュアルアピール値100%アップ,ミューチャル,#ひみつのささやき,6,中,57,7899,7714,,,images/ミューチャル/[メルティ・スノーギフト]砂塚あきら.jpg
[スターリィ・シーズ],相葉夕美,Pa,,ダンス&ビジュアル,パッションアイドルのみ編成時、パッション楽曲で全員のダンス&ビジュアルアピール値100%アップ,ミューチャル,初夏の涼菓,6,中,59,7903,7709,,,images/ミューチャル/[スターリィ・シーズ]相葉夕美.jpg
[カラフル・レトロポップ],古賀小春,Cu,,ビジュアル&ボーカル,キュートアイドルのみ編成時、キュート楽曲で全員のビジュアル&ボーカルアピール値100%アップ,ミューチャル,ぽかぽかサービス,6,中,7709,59,7903,,,images/ミューチャル/[カラフル・レトロポップ]古賀小春.jpg
[ホーンテッド・ブライド],白坂小梅,Co,,ビジュアル&ボーカル,クールアイドルのみ編成時、クール楽曲で全員のビジュアル&ボーカルアピール値100%アップ,ミューチャル,チカイノコトバ,6,中,7709,60,7902,,,images/ミューチャル/[ホーンテッド・ブライド]白坂小梅.jpg
[夢見りあむは永遠になる],夢見りあむ,Pa,,ダンス&ビジュアル,パッションアイドルのみ編成時、パッション楽曲で全員のダンス＆ビジュアルアピール値100%アップ,ミューチャル,ぼくときみとのエターナル,9,中,59,7904,7708,,,images/ミューチャル/[夢見りあむは永遠になる]夢見りあむ.jpg
[ココロ・イルミネーション],島村卯月,Cu,,ボーカル&ダンス,キュートアイドルのみ編成時、キュート楽曲で全員のボーカル&ダンスアピール値100%アップ,ミューチャル,ぬくもりの距離,9,中,7899,7713,58,,,images/ミューチャル/[ココロ・イルミネーション]島村卯月.jpg
[ハロウィンクラフトウィッチ],藤原肇,Co,,ボーカル&ダンス,クールアイドルのみ編成時、クール楽曲で全員のボーカル&ダンスアピール値100%アップ,ミューチャル,土器土器のイタズラ,9,中,7904,7708,59,,,images/ミューチャル/[ハロウィンクラフトウィッチ]藤原肇.jpg
[メリー・メニー・プレゼント],十時愛梨,Pa,,ボーカル&ダンス,パッションアイドルのみ編成時、パッション楽曲で全員のボーカル&ダンスアピール値100%アップ,ミューチャル,欲しがりさんのクリスマス,9,中,7904,7709,58,,,images/ミューチャル/[メリー・メニー・プレゼント]十時愛梨.jpg
[ほろあまこいみやこ],小早川紗枝,Cu,,ダンス&ビジュアル,キュートアイドルのみ編成時、キュート楽曲で全員のダンス&ビジュアルアピール値100%アップ,ミューチャル,色づくかんばせ,9,中,58,7904,7709,,,images/ミューチャル/[ほろあまこいみやこ]小早川紗枝.jpg
[新春神楽],新田美波,Co,,ダンス&ビジュアル,クールアイドルのみ編成時、クール楽曲で全員のダンス&ビジュアルアピール値100%アップ,ミューチャル,春を呼ぶ舞,9,中,58,7899,7713,,,images/ミューチャル/[新春神楽]新田美波.jpg
[静謐な慶び],鷺沢文香,Co,,ビジュアル&ボーカル,クールアイドルのみ編成時、クール楽曲で全員のビジュアル&ボーカルアピール値100%アップ,ミューチャル,届ける心願,9,中,7709,58,7904,,,images/ミューチャル/[静謐な慶び]鷺沢文香.jpg
[スウィートらぶコール],大槻唯,Pa,,ビジュアル&ボーカル,パッションアイドルのみ編成時、パッション楽曲で全員のビジュアル&ボーカルアピール値100%アップ,ミューチャル,とろけるボイス,9,中,7713,58,7899,,,images/ミューチャル/[スウィートらぶコール]大槻唯.jpg
[繚乱八仙花],三船美優,Co,,ビジュアル&ボーカル,クールアイドルのみ編成時、クール楽曲で全員のビジュアル＆ボーカルアピール値100%アップ,ミューチャル,美しき巡り合い,11,中,7711,57,7904,,,images/ミューチャル/[繚乱八仙花]三船美優.jpg
[あまあま☆あかりんご],辻野あかり,Cu,,ダンス&ビジュアル,キュートアイドルのみ編成時、キュート楽曲で全員のダンス＆ビジュアルアピール値100%アップ,ミューチャル,とろ〜りラブアップル,11,中,57,7903,7711,,,images/ミューチャル/[あまあま☆あかりんご]辻野あかり.jpg
[あらたまの年、凪のまにまに],久川凪,Pa,,ボーカル&ダンス,パッションアイドルのみ編成時、パッション楽曲で全員のボーカル＆ダンスアピール値100%アップ,ミューチャル,あけおめ凪よろ,11,中,7903,7711,57,,,images/ミューチャル/[あらたまの年、凪のまにまに]久川凪.jpg
[ほころぶ春息吹],白菊ほたる,Cu,,ボーカル&ダンス,キュートアイドルのみ編成時、キュート楽曲で全員のボーカル&ダンスアピール値100%アップ,ミューチャル,夢見る明日の花,11,中,7902,7711,58,,,images/ミューチャル/[ほころぶ春息吹]白菊ほたる.jpg
[春風が吹く頃に],北条加蓮,Co,,ボーカル&ダンス,クールアイドルのみ編成時、クール楽曲で全員のボーカル&ダンスアピール値100%アップ,ミューチャル,明日への展望,11,中,7898,7714,58,,,images/ミューチャル/[春風が吹く頃に]北条加蓮.jpg
[爛漫天福神],川島瑞樹,Co,,ボーカル&ダンス,クールアイドルのみ編成時、クール楽曲で全員のボーカル＆ダンスアピール値100%アップ,ミューチャル,ほろ酔い語らい,11,中,7712,7906,52,,,images/ミューチャル/[爛漫天福神]川島瑞樹.jpg
[ネバーエンド・ブレイズ],二宮飛鳥,Co,,ダンス&ビジュアル,クールアイドルのみ編成時、クール楽曲で全員のダンス&ビジュアルアピール値100%アップ,ミューチャル,人が人であるために,11,中,58,7902,7711,,,images/ミューチャル/[ネバーエンド・ブレイズ]二宮飛鳥.jpg
[アナタに捧ぐカリーニョ],ナターリア,Pa,,ダンス&ビジュアル,パッションアイドルのみ編成時、パッション楽曲で全員のダンス&ビジュアルアピール値100%アップ,ミューチャル,ラブラブ☆エブリデイ !,11,中,58,7898,7714,,,images/ミューチャル/[アナタに捧ぐカリーニョ]ナターリア.jpg
[絶品無双],三村かな子,Cu,,ビジュアル&ボーカル,キュートアイドルのみ編成時、キュート楽曲で全員のビジュアル&ボーカルアピール値100%アップ,ミューチャル,点心爛漫,11,中,7714,58,7898,,,images/ミューチャル/[絶品無双]三村かな子.jpg
[マジカル☆ストレンジャー],赤城みりあ,Pa,,ビジュアル&ボーカル,パッションアイドルのみ編成時、パッション楽曲で全員のビジュアル&ボーカルアピール値100%アップ,ミューチャル,フレンドシップ☆マジック,11,中,7711,58,7902,,,images/ミューチャル/[マジカル☆ストレンジャー]赤城みりあ.jpg
[スターライト・ミッドナイト],高垣楓,Co,,ダンス&ビジュアル,クールアイドルのみ編成時、クール楽曲で全員のダンス＆ビジュアルアピール値100%アップ,ミューチャル,星彩のステージへ,13,高,59,7903,7709,,,images/ミューチャル/[スターライト・ミッドナイト]高垣楓.jpg
[水底のアウィス],黒埼ちとせ,Cu,,ボーカル&ダンス,キュートアイドルのみ編成時、キュート楽曲で全員のボーカル&ダンスアピール値100%アップ,ミューチャル,刹那と永久の狭間,13,高,7903,7709,59,,,images/ミューチャル/[水底のアウィス]黒埼ちとせ.jpg
[楽しい今を、未知の明日を],神谷奈緒,Co,,ボーカル&ダンス,クールアイドルのみ編成時、クール楽曲で全員のボーカル&ダンスアピール値100%アップ,ミューチャル,この道をゆけば,13,高,7903,7711,57,,,images/ミューチャル/[楽しい今を、未知の明日を]神谷奈緒.jpg
[心ふれあえば],佐久間まゆ,Cu,,ダンス&ビジュアル,キュートアイドルのみ編成時、キュート楽曲で全員のダンス&ビジュアルアピール値100%アップ,ミューチャル,あなたと私のセカイ,13,高,58,7902,7711,6th,,images/ミューチャル/[心ふれあえば]佐久間まゆ.jpg
[きらきら☆湯けむり美人],諸星きらり,Pa,,ダンス&ビジュアル,パッションアイドルのみ編成時、パッション楽曲で全員のダンス&ビジュアルアピール値100%アップ,ミューチャル,きらりん☆すぱ !,13,高,57,7903,7711,,,images/ミューチャル/[きらきら☆湯けむり美人]諸星きらり.jpg
[シャノワール・ヴォヤージュ],宮本フレデリカ,Cu,,ビジュアル&ボーカル,キュートアイドルのみ編成時、キュート楽曲で全員のビジュアル&ボーカルアピール値100%アップ,ミューチャル,マージ・デ・フレデリカ♪,13,高,7711,57,7903,,,images/ミューチャル/[シャノワール・ヴォヤージュ]宮本フレデリカ.jpg
[一恋托生],向井拓海,Pa,,ビジュアル&ボーカル,パッションアイドルのみ編成時、パッション楽曲で全員のビジュアル&ボーカルアピール値100%アップ,ミューチャル,愛焔奇縁,13,高,7709,59,7903,,,images/ミューチャル/[一恋托生]向井拓海.jpg
[テンプテーション・ブラッド],速水奏,Co,,ビジュアル&ボーカル,クールアイドルのみ編成時、クール楽曲で全員のビジュアル&ボーカルアピール値100%アップ,ミューチャル,永遠の献身,13,高,7711,58,7902,,,images/ミューチャル/[テンプテーション・ブラッド]速水奏.jpg
[ツヤメキ★いろは],城ヶ崎美嘉,Pa,,ボーカル&ダンス,パッションアイドルのみ編成時、パッション楽曲で全員のボーカル&ダンスアピール値100%アップ,ミューチャル,静かなカケヒキ,13,高,7902,7711,58,,,images/ミューチャル/[ツヤメキ★いろは]城ヶ崎美嘉.jpg
[ディア・マイ・ユートピア],西園寺琴歌,Cu,,ボーカル,5種類の特技編成時、ボーカルアピール値のみ適用し、全ての特技効果が重複時に加算,モチーフ,めいっぱいのときめき,7,高,7075,3591,4421,,,images/モチーフ/[ディア・マイ・ユートピア]西園寺琴歌.jpg
[ひかり、満ちるとき],鷹富士茄子,Co,,ボーカル,5種類の特技編成時、ボーカルアピール値のみ適用し、全ての特技効果が重複時に加算,モチーフ,かこからのおくりもの,7,高,7366,4591,3752,,,images/モチーフ/[ひかり、満ちるとき]鷹富士茄子.jpg
[トゥルー・ドリーム],喜多日菜子,Pa,,ボーカル,5種類の特技編成時、ボーカルアピール値のみ適用し、全ての特技効果が重複時に加算,モチーフ,想い描いていた場所,7,高,7356,3744,4608,,,images/モチーフ/[トゥルー・ドリーム]喜多日菜子.jpg
[おめざめ☆あかりんご],辻野あかり,Cu,,ダンス,5種類の特技編成時、ダンスアピール値のみ適用し、全ての特技効果が重複時に加算,モチーフ,ひとくちの輝き,7,高,4601,7366,3741,,,images/モチーフ/[おめざめ☆あかりんご]辻野あかり.jpg
[プロミネンス・プライド],北条加蓮,Co,,ダンス,5種類の特技編成時、ダンスアピール値のみ適用し、全ての特技効果が重複時に加算,モチーフ,煌めきの自信,7,高,3744,7356,4608,,,images/モチーフ/[プロミネンス・プライド]北条加蓮.jpg
[凪めく日々のおとぎ話],久川凪,Pa,,ダンス,5種類の特技編成時、ダンスアピール値のみ適用し、全ての特技効果が重複時に加算,モチーフ,ようこそナギトピア,7,高,4600,7366,3742,,,images/モチーフ/[凪めく日々のおとぎ話]久川凪.jpg
[風まとう光],小早川紗枝,Cu,,ビジュアル,5種類の特技編成時、ビジュアルアピール値のみ適用し、全ての特技効果が重複時に加算,モチーフ,透き通った景色,7,高,3744,4608,7365,,,images/モチーフ/[風まとう光]小早川紗枝.jpg
[小さなマシェリ],佐々木千枝,Co,,ビジュアル,5種類の特技編成時、ビジュアルアピール値のみ適用し、全ての特技効果が重複時に加算,モチーフ,色づくアドマイア,7,高,4610,3733,7366,,,images/モチーフ/[小さなマシェリ]佐々木千枝.jpg
[悠久のミルククラウン],及川雫,Pa,,ビジュアル,5種類の特技編成時、ビジュアルアピール値のみ適用し、全ての特技効果が重複時に加算,モチーフ,命あふれるひとしずく,7,高,4604,3738,7366,,,images/モチーフ/[悠久のミルククラウン]及川雫.jpg
[あなたに微笑むマドモアゼル],佐城雪美,Co,,ダンス,5種類の特技編成時、ダンスアピール値のみ適用し、全ての特技効果が重複時に加算,モチーフ,未来の約束,9,高,4606,7367,3735,,,images/モチーフ/[あなたに微笑むマドモアゼル]佐城雪美.jpg
[愛の森でかくれんぼ],関裕美,Cu,,ビジュアル,5種類の特技編成時、ビジュアルアピール値のみ適用し、全ての特技効果が重複時に加算,モチーフ,見つけて、愛の視線,9,高,4589,3702,7418,,,images/モチーフ/[愛の森でかくれんぼ]関裕美.jpg
[ビサイド・エタニティ],五十嵐響子,Cu,,ボーカル,5種類の特技編成時、ボーカルアピール値のみ適用し、全ての特技効果が重複時に加算,モチーフ,寄りそうぬくもり,9,高,7366,4612,3731,,,images/モチーフ/[ビサイド・エタニティ]五十嵐響子.jpg
[夢見りあむしか勝たん],夢見りあむ,Pa,,ダンス,5種類の特技編成時、ダンスアピール値のみ適用し、全ての特技効果が重複時に加算,モチーフ,クソデカ感情やみアピール,9,高,3738,7366,4604,,,images/モチーフ/[夢見りあむしか勝たん]夢見りあむ.jpg
[ソラ駆けるオモイ],荒木比奈,Co,,ビジュアル,5種類の特技編成時、ビジュアルアピール値のみ適用し、全ての特技効果が重複時に加算,モチーフ,愛・輝くセカイ,9,高,3736,4606,7366,,,images/モチーフ/[ソラ駆けるオモイ]荒木比奈.jpg
[紡ぐメメント・モリ],黒埼ちとせ,Cu,,ボーカル,5種類の特技編成時、ボーカルアピール値のみ適用し、全ての特技効果が重複時に加算,モチーフ,廻る血潮,11,高,7366,3735,4607,,,images/モチーフ/[紡ぐメメント・モリ]黒埼ちとせ.jpg
[エクステンド・ワールド],二宮飛鳥,Co,,ボーカル,5種類の特技編成時、ボーカルアピール値のみ適用し、全ての特技効果が重複時に加算,モチーフ,観据える瞳,11,高,7366,3728,4615,,,images/モチーフ/[エクステンド・ワールド]二宮飛鳥.jpg
[愛しのレディブロッサム],的場梨沙,Pa,,ボーカル,5種類の特技編成時、ボーカルアピール値のみ適用し、全ての特技効果が重複時に加算,モチーフ,おてんば姫の微笑み,11,高,7366,4601,3741,,,images/モチーフ/[愛しのレディブロッサム]的場梨沙.jpg
[フレ・デ・ラ・モード],宮本フレデリカ,Cu,,ダンス,5種類の特技編成時、ダンスアピール値のみ適用し、全ての特技効果が重複時に加算,モチーフ,みとれてシルブプレ♪,11,高,4602,7359,3747,,,images/モチーフ/[フレ・デ・ラ・モード]宮本フレデリカ.jpg
[華麗なるドン・レイナ],小関麗奈,Pa,,ダンス,5種類の特技編成時、ダンスアピール値のみ適用し、全ての特技効果が重複時に加算,モチーフ,支配者の心得,11,高,3731,7366,4621,,,images/モチーフ/[華麗なるドン・レイナ]小関麗奈.jpg
[レイヤード・マイ・エッジィ],砂塚あきら,Co,,ビジュアル,5種類の特技編成時、ビジュアルアピール値のみ適用し、全ての特技効果が重複時に加算,モチーフ,#ItsSoYou !,11,高,4611,3732,7366,,,images/モチーフ/[レイヤード・マイ・エッジィ]砂塚あきら.jpg
[おとぎの国のものがたり],市原仁奈,Pa,,ビジュアル,5種類の特技編成時、ビジュアルアピール値のみ適用し、全ての特技効果が重複時に加算,モチーフ,みんなのたからもの,11,高,3740,4613,7356,,,images/モチーフ/[おとぎの国のものがたり]市原仁奈.jpg
[清澄のエッセンス],一ノ瀬志希,Cu,,ダンス,キュートアイドルのみ編成時、全員のライフ40％アップ,ライフスパークル,立ち昇る高貴,7,高,3816,7207,4644,5th,,images/ライフスパークル/[清澄のエッセンス]一ノ瀬志希.jpg
[自称・魔法少女],輿水幸子,Cu,,ビジュアル,キュートアイドルのみ編成時、全員のライフ40％アップ,ライフスパークル,自称・みんなのための魔法,7,高,3837,4655,7182,4th,,images/ライフスパークル/[自称・魔法少女]輿水幸子.jpg
[ご注文はひなですか？],荒木比奈,Co,,ダンス,クールアイドルのみ編成時、全員のライフ40％アップ,ライフスパークル,コイノオト,7,高,3834,7203,4631,5th,,images/ライフスパークル/[ご注文はひなですか？]荒木比奈.jpg
[祝宴の白姫],神崎蘭子,Co,,ビジュアル,クールアイドルのみ編成時、全員のライフ40％アップ,ライフスパークル,仮初の礼装,7,高,3816,4644,7207,4th,,images/ライフスパークル/[祝宴の白姫]神崎蘭子.jpg
[キラピカ☆ホーリーナイト],城ヶ崎莉嘉,Pa,,ボーカル,パッションアイドルのみ編成時、全員のライフ40％アップ,ライフスパークル,ドキワク☆プレゼント,7,高,7145,3867,4675,4th,,images/ライフスパークル/[キラピカ☆ホーリーナイト]城ヶ崎莉嘉.jpg
[はぁとふるsweeteen☆],佐藤心,Pa,,ダンス,パッションアイドルのみ編成時、全員のライフ40％アップ,ライフスパークル,よく遊びよくシュガれ☆,7,高,4646,7224,3795,6th,,images/ライフスパークル/[はぁとふるsweeteen☆]佐藤心.jpg
[夢見りあむのパーリナイ],夢見りあむ,Pa,,ビジュアル,パッションアイドルのみ編成時、全員のライフ40％アップ,ライフスパークル,オタクにやさしいギャル,7,高,4636,3806,7225,,,images/ライフスパークル/[夢見りあむのパーリナイ]夢見りあむ.jpg
[新春の彩り],三村かな子,Cu,,ボーカル,キュートアイドルのみ編成時、全員のライフ40％アップ,ライフスパークル,ハッピーシェアリング !,9,高,7137,3872,4677,3th,,images/ライフスパークル/[新春の彩り]三村かな子.jpg
[気ままなご主人様],前川みく,Cu,,ビジュアル,キュートアイドルのみ編成時、全員のライフ40％アップ,ライフスパークル,ワガママにゃんプテーション,9,高,4637,3807,7223,,,images/ライフスパークル/[気ままなご主人様]前川みく.jpg
[夜を脱いで、一小節],速水奏,Co,,ボーカル,クールアイドルのみ編成時、全員のライフ40％アップ,ライフスパークル,朝を呼ぶ声,9,高,7196,3828,4649,4th,,images/ライフスパークル/[夜を脱いで、一小節]速水奏.jpg
[おしゃまなコアクマ],佐々木千枝,Co,,ダンス,クールアイドルのみ編成時、全員のライフ40％アップ,ライフスパークル,コドモのとっけん !,9,高,3842,7176,4658,3th,,images/ライフスパークル/[おしゃまなコアクマ]佐々木千枝.jpg
[マウジュのまにまに],ライラ,Co,,ダンス,クールアイドルのみ編成時、全員のライフ40％アップ,ライフスパークル,月のあしあと,9,高,4635,7227,3804,,,images/ライフスパークル/[マウジュのまにまに]ライラ.jpg
[恋初めロマンチカ],喜多日菜子,Pa,,ボーカル,パッションアイドルのみ編成時、全員のライフ40％アップ,ライフスパークル,始まる日々の予感,9,高,7226,4633,3806,,,images/ライフスパークル/[恋初めロマンチカ]喜多日菜子.jpg
[彩☆きっく乙女],堀裕子,Pa,,ダンス,パッションアイドルのみ編成時、全員のライフ40％アップ,ライフスパークル,はんなりサイキック,9,高,4649,7196,3828,4th,,images/ライフスパークル/[彩☆きっく乙女]堀裕子.jpg
[ドキワク！ユズレシピ],喜多見柚,Pa,,ビジュアル,パッションアイドルのみ編成時、全員のライフ40％アップ,ライフスパークル,甘みと酸味のせめぎあい,9,高,4649,3828,7196,3th,,images/ライフスパークル/[ドキワク！ユズレシピ]喜多見柚.jpg
[アップル☆キャロル],辻野あかり,Cu,,ボーカル,キュートアイドルのみ編成時、全員のライフ40％アップ,ライフスパークル,りんごのデコレーション,11,高,7226,3798,4641,,,images/ライフスパークル/[アップル☆キャロル]辻野あかり.jpg
[モンスター・パーティー！],早坂美玲,Cu,,ダンス,キュートアイドルのみ編成時、全員のライフ40％アップ,ライフスパークル,頼れる背中,11,高,4663,7171,3846,3th,,images/ライフスパークル/[モンスター・パーティー！]早坂美玲.jpg
[ファンタスティック・ナイト],乙倉悠貴,Cu,,ビジュアル,キュートアイドルのみ編成時、全員のライフ40％アップ,ライフスパークル,ユウキのマホウ,11,高,4625,3815,7224,,,images/ライフスパークル/[ファンタスティック・ナイト]乙倉悠貴.jpg
[一歩ずつ前へ],森久保乃々,Co,,ボーカル,クールアイドルのみ編成時、全員のライフ40％アップ,ライフスパークル,確かな歩み,11,高,7204,4646,3817,5th,,images/ライフスパークル/[一歩ずつ前へ]森久保乃々.jpg
[灼熱のリベリオン],二宮飛鳥,Co,,ビジュアル,クールアイドルのみ編成時、全員のライフ40％アップ,ライフスパークル,抑えきれぬ劫火,11,高,4649,3828,7196,4th,,images/ライフスパークル/[灼熱のリベリオン]二宮飛鳥.jpg
[凪とゆかいな仲間たち],久川凪,Pa,,ボーカル,パッションアイドルのみ編成時、全員のライフ40％アップ,ライフスパークル,うなれ凪ヘルツ,11,高,7222,4642,3803,,,images/ライフスパークル/[凪とゆかいな仲間たち]久川凪.jpg
[サマーサニーブーケ],相葉夕美,Pa,,ダンス,パッションアイドルのみ編成時、全員のライフ40％アップ,ライフスパークル,さんさん光合成,11,高,3867,7145,4675,3th,,images/ライフスパークル/[サマーサニーブーケ]相葉夕美.jpg
[ヒーローオブシャドウ],南条光,Pa,,ビジュアル,パッションアイドルのみ編成時、全員のライフ40％アップ,ライフスパークル,翻弄する笑み,11,高,3816,4644,7207,5th,,images/ライフスパークル/[ヒーローオブシャドウ]南条光.jpg
[ル・マリアージュ],宮本フレデリカ,Cu,,ボーカル,キュートアイドルのみ編成時、全員のライフ40％アップ,ライフスパークル,あなたと紡ぐ幸せ,13,高,7171,3846,4663,4th,,images/ライフスパークル/[ル・マリアージュ]宮本フレデリカ.jpg
[あんず色の青春],双葉杏,Cu,,ダンス,キュートアイドルのみ編成時、全員のライフ40％アップ,ライフスパークル,ほどよく学び、よく遊ぶ,13,高,3828,7196,4649,4th,,images/ライフスパークル/[あんず色の青春]双葉杏.jpg
[青春デビュー],関裕美,Cu,,ビジュアル,キュートアイドルのみ編成時、全員のライフ40％アップ,ライフスパークル,新しいお勉強,13,高,4655,3837,7182,3th,,images/ライフスパークル/[青春デビュー]関裕美.jpg
[トゥインクル・パーティー],北条加蓮,Co,,ボーカル,クールアイドルのみ編成時、全員のライフ40％アップ,ライフスパークル,色あせない贈り物,13,高,7171,3846,4663,3th,,images/ライフスパークル/[トゥインクル・パーティー]北条加蓮.jpg
[朱華色の夢],藤原肇,Co,,ダンス,クールアイドルのみ編成時、全員のライフ40％アップ,ライフスパークル,甘き彩り,13,高,4649,7196,3828,4th,,images/ライフスパークル/[朱華色の夢]藤原肇.jpg
[アドマイヤ・ブライド],橘ありす,Co,,ビジュアル,クールアイドルのみ編成時、全員のライフ40％アップ,ライフスパークル,いつかの未来へ,13,高,3797,4642,7226,6th,,images/ライフスパークル/[アドマイヤ・ブライド]橘ありす.jpg
[姉御の心粋],村上巴,Pa,,ボーカル,パッションアイドルのみ編成時、全員のライフ40％アップ,ライフスパークル,天幕の艶技,13,高,7132,3878,4680,3th,,images/ライフスパークル/[姉御の心粋]村上巴.jpg
[ぴょんぴょん☆にゅーいやー],市原仁奈,Pa,,ダンス,パッションアイドルのみ編成時、全員のライフ40％アップ,ライフスパークル,おもちだまフレンズ,13,高,3809,7227,4629,,,images/ライフスパークル/[ぴょんぴょん☆にゅーいやー]市原仁奈.jpg
[錦雅信念],向井拓海,Pa,,ビジュアル,パッションアイドルのみ編成時、全員のライフ40％アップ,ライフスパークル,背負う覚悟,13,高,4652,3832,7188,4th,,images/ライフスパークル/[錦雅信念]向井拓海.jpg
[黎明に願って],白菊ほたる,Cu,,ボーカル,LIVEクリア時、中確率でスターピースを獲得,リフレイン,此処よりいつまでも,7,高,9282,3653,2773,,,images/リフレイン/[黎明に願って]白菊ほたる.jpg
[紅の誓い],村上巴,Pa,,ボーカル,LIVEクリア時、中確率でスターピースを獲得,リフレイン,覚悟の絆,7,高,9334,3624,2744,,,images/リフレイン/[紅の誓い]村上巴.jpg
[メイク・ハー・スター],久川颯,Co,,ダンス,LIVEクリア時、中確率でスターピースを獲得,リフレイン,マイ・フェイバリット,7,高,2747,9334,3620,,,images/リフレイン/[メイク・ハー・スター]久川颯.jpg
[我龍天征],向井拓海,Pa,,ダンス,LIVEクリア時、中確率でスターピースを獲得,リフレイン,虎唱風生,7,高,3657,9282,2765,,,images/リフレイン/[我龍天征]向井拓海.jpg
[ワナビー・レジェンド],多田李衣菜,Co,,ビジュアル,LIVEクリア時、中確率でスターピースを獲得,リフレイン,クラウン・ハート,7,高,3656,2765,9282,,,images/リフレイン/[ワナビー・レジェンド]多田李衣菜.jpg
[たいようのガーデン],龍崎薫,Pa,,ビジュアル,LIVEクリア時、中確率でスターピースを獲得,リフレイン,ひだまりの真ん中,7,高,2729,3638,9334,,,images/リフレイン/[たいようのガーデン]龍崎薫.jpg
[久遠の誓い],藤原肇,Co,,ボーカル,LIVEクリア時、中確率でスターピースを獲得,リフレイン,器満たす煌めき,9,高,9334,3624,2744,,,images/リフレイン/[久遠の誓い]藤原肇.jpg
[ワールド・ディストーション],堀裕子,Pa,,ボーカル,LIVEクリア時、中確率でスターピースを獲得,リフレイン,サイキック・特異点,9,高,9282,2777,3643,,,images/リフレイン/[ワールド・ディストーション]堀裕子.jpg
[エクステンド・ブルー],乙倉悠貴,Co,,ダンス,LIVEクリア時、中確率でスターピースを獲得,リフレイン,駆け抜ける日々,9,高,3625,9334,2743,,,images/リフレイン/[エクステンド・ブルー]乙倉悠貴.jpg
[星降る森のおとぎ話],森久保乃々,Co,,ダンス,LIVEクリア時、中確率でスターピースを獲得,リフレイン,輝きに触れて,9,高,2766,9282,3655,,,images/リフレイン/[星降る森のおとぎ話]森久保乃々.jpg
[むくなるさそい],遊佐こずえ,Cu,,ビジュアル,LIVEクリア時、中確率でスターピースを獲得,リフレイン,こずえのよびごえ,9,高,2760,3660,9282,,,images/リフレイン/[むくなるさそい]遊佐こずえ.jpg
[コスモブルーの未来],大石泉,Co,,ビジュアル,LIVEクリア時、中確率でスターピースを獲得,リフレイン,アクセス・アンリミテッド,11,高,3627,2741,9334,,,images/リフレイン/[コスモブルーの未来]大石泉.jpg
[蕩愛ファナティック],新田美波,Co,,ダンス,LIVEクリア時、中確率でスターピースを獲得,リフレイン,狂愛のしもべ,11,高,2729,9334,3638,,,images/リフレイン/[蕩愛ファナティック]新田美波.jpg
[素顔のピーチバカンス],櫻井桃華,Cu,,ボーカル,LIVEクリア時、中確率でスターピースを獲得,リフレイン,フレッシュなココロ♪,11,高,9334,3625,2743,,,images/リフレイン/[素顔のピーチバカンス]櫻井桃華.jpg
[花霞のかぎろひ],依田芳乃,Pa,,ダンス,LIVEクリア時、中確率でスターピースを獲得,リフレイン,春めき、ときめき,11,高,3632,9334,2735,,,images/リフレイン/[花霞のかぎろひ]依田芳乃.jpg
[秘密のブルーローズ],結城晴,Co,,ボーカル,LIVEクリア時、中確率でスターピースを獲得,リフレイン,王子様の素顔,11,高,9282,2769,3652,,,images/リフレイン/[秘密のブルーローズ]結城晴.jpg
[瞳のトゥインクル],関裕美,Cu,,ダンス,LIVEクリア時、中確率でスターピースを獲得,リフレイン,何度でも見つめて,11,高,2774,9282,3645,,,images/リフレイン/[瞳のトゥインクル]関裕美.jpg
"[MyLife,MySounds]",木村夏樹,Pa,,ビジュアル,LIVEクリア時、中確率でスターピースを獲得,リフレイン,生まれた旋律,11,高,2765,3656,9282,,,"images/リフレイン/[My Life, My Sounds]木村夏樹.jpg"
[シャルム・シェルシュール],渋谷凛,Co,,ボーカル,ゲストを含むユニット編成アイドル全員のセンター効果を発揮し、最も高い効果を適用,シンデレラマジック,終わりなきランウェイ,12,中,616,7,15,,,images/シンデレラマジック/[シャルム・シェルシュール]渋谷凛.jpg
[リフレクション・スター],本田未央,Pa,,ダンス,ゲストを含むユニット編成アイドル全員のセンター効果を発揮し、最も高い効果を適用,シンデレラマジック,光の在り処,12,中,12,616,10,,,images/シンデレラマジック/[リフレクション・スター]本田未央.jpg
[フォーリン・パラダイス],島村卯月,Cu,,ビジュアル,ゲストを含むユニット編成アイドル全員のセンター効果を発揮し、最も高い効果を適用,シンデレラマジック,オールラブ・イズ・マイン !,12,中,14,8,616,,,images/シンデレラマジック/[フォーリン・パラダイス]島村卯月.jpg
